layer,neuron,drop_frac
23,1023,0.012
23,33,0.011
23,927,0.011
23,529,0.01
23,604,0.009
22,575,0.009
23,581,0.008
22,492,0.008
22,499,0.008
22,717,0.008
22,581,0.008
23,241,0.008
23,339,0.008
22,238,0.008
22,975,0.008
22,565,0.007
22,771,0.007
22,270,0.007
23,238,0.007
23,492,0.007
23,568,0.007
22,261,0.007
23,22,0.007
22,227,0.007
21,1008,0.007
22,664,0.007
23,396,0.007
23,399,0.007
23,230,0.007
23,497,0.007
22,217,0.007
23,188,0.007
23,777,0.007
22,1023,0.007
21,238,0.007
22,807,0.007
21,446,0.007
23,757,0.007
23,873,0.007
23,128,0.007
22,155,0.007
22,775,0.006
23,730,0.006
22,857,0.006
20,238,0.006
23,807,0.006
22,341,0.006
23,674,0.006
20,446,0.006
22,197,0.006
23,538,0.006
22,168,0.006
23,350,0.006
23,446,0.006
22,243,0.006
23,165,0.006
23,13,0.006
22,257,0.006
23,30,0.006
22,309,0.006
22,193,0.006
23,631,0.006
21,592,0.006
23,565,0.006
22,0,0.006
22,78,0.006
23,407,0.006
23,771,0.006
23,975,0.006
23,257,0.006
22,658,0.006
22,670,0.006
22,659,0.006
22,75,0.006
23,154,0.006
23,553,0.006
20,99,0.006
22,5,0.006
23,333,0.006
23,234,0.006
22,45,0.006
22,1011,0.006
22,412,0.006
22,809,0.006
22,794,0.006
22,859,0.006
23,749,0.006
22,450,0.006
22,358,0.006
22,439,0.006
21,713,0.006
21,730,0.006
23,676,0.006
22,273,0.006
22,286,0.006
22,234,0.006
23,627,0.006
20,771,0.006
22,446,0.006
22,745,0.006
22,590,0.006
22,604,0.006
22,447,0.006
21,344,0.005
19,339,0.005
23,656,0.005
23,740,0.005
21,383,0.005
23,645,0.005
23,912,0.005
23,708,0.005
20,1007,0.005
20,975,0.005
23,527,0.005
21,529,0.005
23,668,0.005
21,553,0.005
23,694,0.005
23,680,0.005
23,56,0.005
23,57,0.005
22,344,0.005
22,965,0.005
22,988,0.005
23,596,0.005
23,80,0.005
23,534,0.005
22,274,0.005
22,315,0.005
21,470,0.005
21,565,0.005
23,573,0.005
23,590,0.005
21,363,0.005
22,355,0.005
22,339,0.005
23,28,0.005
22,465,0.005
22,461,0.005
22,350,0.005
22,473,0.005
22,916,0.005
22,927,0.005
22,894,0.005
21,505,0.005
22,998,0.005
22,1008,0.005
22,527,0.005
22,420,0.005
22,823,0.005
22,810,0.005
23,62,0.005
23,7,0.005
22,478,0.005
22,757,0.005
23,924,0.005
20,867,0.005
23,781,0.005
23,928,0.005
20,581,0.005
23,976,0.005
22,554,0.005
22,483,0.005
23,808,0.005
23,824,0.005
23,823,0.005
23,667,0.005
22,827,0.005
22,573,0.005
21,182,0.005
21,124,0.005
21,865,0.005
23,441,0.005
23,566,0.005
23,611,0.005
23,514,0.005
21,639,0.005
21,771,0.005
21,761,0.005
21,809,0.005
23,502,0.005
23,539,0.005
22,136,0.005
22,90,0.005
22,97,0.005
23,103,0.005
23,72,0.005
22,224,0.005
23,104,0.005
23,211,0.005
23,41,0.005
23,468,0.005
22,188,0.005
23,26,0.005
23,23,0.005
23,15,0.005
23,512,0.005
23,610,0.005
23,525,0.005
23,513,0.005
23,612,0.005
23,615,0.005
22,150,0.005
22,22,0.005
22,21,0.005
23,420,0.005
23,462,0.005
23,323,0.005
23,326,0.005
23,291,0.005
22,64,0.005
23,526,0.005
22,58,0.005
23,479,0.005
23,280,0.005
23,338,0.005
23,466,0.005
23,246,0.005
23,182,0.005
22,28,0.005
22,131,0.005
22,144,0.005
22,143,0.005
22,127,0.005
23,273,0.005
23,837,0.005
23,970,0.005
21,40,0.005
23,942,0.005
23,993,0.005
23,950,0.005
23,901,0.005
20,467,0.005
22,614,0.005
22,686,0.005
22,675,0.005
22,667,0.005
22,521,0.005
22,710,0.005
22,714,0.005
22,813,0.005
22,746,0.004
22,680,0.004
22,818,0.004
22,819,0.004
22,820,0.004
22,821,0.004
22,712,0.004
22,713,0.004
22,716,0.004
22,656,0.004
22,580,0.004
22,615,0.004
22,619,0.004
22,879,0.004
22,577,0.004
22,549,0.004
23,817,0.004
23,828,0.004
23,829,0.004
20,276,0.004
23,764,0.004
23,709,0.004
23,711,0.004
20,809,0.004
22,442,0.004
22,949,0.004
22,902,0.004
22,895,0.004
22,905,0.004
22,939,0.004
22,502,0.004
23,712,0.004
22,850,0.004
22,833,0.004
22,600,0.004
22,609,0.004
22,596,0.004
22,500,0.004
22,538,0.004
22,457,0.004
21,194,0.004
20,344,0.004
21,123,0.004
21,390,0.004
22,748,0.004
22,881,0.004
22,883,0.004
22,789,0.004
23,475,0.004
23,460,0.004
21,1009,0.004
20,25,0.004
21,1018,0.004
23,369,0.004
23,358,0.004
23,359,0.004
23,227,0.004
23,417,0.004
23,386,0.004
22,25,0.004
22,14,0.004
22,130,0.004
23,370,0.004
23,382,0.004
23,222,0.004
23,342,0.004
23,177,0.004
23,235,0.004
23,242,0.004
23,184,0.004
22,132,0.004
22,44,0.004
22,53,0.004
22,59,0.004
22,60,0.004
23,463,0.004
18,797,0.004
23,432,0.004
22,2,0.004
23,193,0.004
22,159,0.004
22,218,0.004
22,221,0.004
23,289,0.004
23,347,0.004
22,54,0.004
22,113,0.004
23,61,0.004
22,158,0.004
22,163,0.004
23,174,0.004
23,160,0.004
23,163,0.004
22,115,0.004
22,212,0.004
22,213,0.004
23,168,0.004
23,172,0.004
23,124,0.004
23,126,0.004
23,264,0.004
23,276,0.004
22,110,0.004
22,153,0.004
21,769,0.004
23,540,0.004
23,542,0.004
18,740,0.004
23,439,0.004
23,556,0.004
23,509,0.004
23,495,0.004
21,947,0.004
21,863,0.004
21,794,0.004
23,569,0.004
21,641,0.004
21,737,0.004
21,658,0.004
23,614,0.004
23,258,0.004
22,122,0.004
23,422,0.004
23,431,0.004
23,449,0.004
21,659,0.004
21,667,0.004
21,704,0.004
23,97,0.004
22,295,0.004
22,233,0.004
22,182,0.004
22,241,0.004
22,242,0.004
23,171,0.004
23,214,0.004
23,150,0.004
23,144,0.004
23,145,0.004
23,166,0.004
19,143,0.004
19,64,0.004
23,93,0.004
23,44,0.004
21,717,0.004
21,746,0.004
21,696,0.004
23,506,0.004
23,640,0.004
23,658,0.004
20,160,0.004
21,581,0.004
22,195,0.004
22,256,0.004
22,192,0.004
22,196,0.004
23,562,0.004
23,519,0.004
23,522,0.004
23,505,0.004
23,77,0.004
22,300,0.004
23,21,0.004
22,198,0.004
22,200,0.004
22,313,0.004
22,189,0.004
19,744,0.004
23,563,0.004
23,564,0.004
22,994,0.004
23,136,0.004
23,141,0.004
23,71,0.004
23,75,0.004
23,76,0.004
23,79,0.004
22,276,0.004
22,277,0.004
23,575,0.004
23,589,0.004
21,614,0.004
21,615,0.004
21,622,0.004
22,971,0.004
22,287,0.004
22,291,0.004
22,332,0.004
22,374,0.004
22,376,0.004
22,378,0.004
23,85,0.004
22,992,0.004
22,933,0.004
22,935,0.004
23,59,0.004
22,396,0.004
22,383,0.004
22,387,0.004
22,967,0.004
21,586,0.004
21,587,0.004
23,696,0.004
23,678,0.004
23,704,0.004
23,691,0.004
23,703,0.004
22,978,0.004
22,370,0.004
22,316,0.004
22,398,0.004
23,66,0.004
23,5,0.004
22,336,0.004
22,854,0.004
22,856,0.004
22,921,0.004
22,866,0.004
22,460,0.004
22,462,0.004
22,464,0.004
22,347,0.004
22,380,0.004
22,352,0.004
23,801,0.004
21,355,0.004
21,257,0.004
21,502,0.004
21,436,0.004
21,441,0.004
19,238,0.004
22,912,0.004
21,563,0.004
21,564,0.004
23,571,0.004
21,458,0.004
21,421,0.004
21,370,0.004
21,378,0.004
21,463,0.004
23,642,0.004
21,339,0.004
21,323,0.004
21,338,0.004
20,235,0.004
21,360,0.004
23,832,0.004
21,172,0.004
23,741,0.004
23,744,0.004
23,745,0.004
23,747,0.004
23,643,0.004
23,650,0.004
23,655,0.004
23,600,0.004
22,417,0.004
22,428,0.004
22,432,0.004
22,870,0.004
22,1004,0.004
22,1010,0.004
22,1020,0.004
22,976,0.004
22,842,0.004
22,529,0.004
22,536,0.004
22,477,0.004
22,479,0.004
22,409,0.004
22,410,0.004
22,431,0.004
22,705,0.004
23,851,0.004
23,854,0.004
23,920,0.004
22,638,0.004
22,627,0.004
22,586,0.004
22,522,0.004
23,866,0.004
23,813,0.004
20,580,0.004
20,507,0.004
20,763,0.004
22,755,0.004
22,695,0.004
22,696,0.004
20,951,0.004
20,865,0.004
20,720,0.004
23,921,0.004
23,923,0.004
23,925,0.004
23,883,0.004
23,864,0.004
21,23,0.004
21,22,0.004
20,976,0.004
20,984,0.004
20,997,0.004
23,789,0.004
23,795,0.004
20,445,0.004
22,61,0.004
20,31,0.004
22,17,0.004
22,51,0.004
22,7,0.004
21,966,0.004
21,984,0.004
21,912,0.004
23,1008,0.004
23,905,0.004
23,1011,0.004
23,899,0.004
23,955,0.004
23,300,0.004
23,308,0.004
23,361,0.004
23,1015,0.004
23,898,0.004
23,916,0.004
23,1020,0.004
23,893,0.004
23,919,0.004
23,992,0.004
23,880,0.004
22,666,0.004
23,773,0.004
23,794,0.004
23,818,0.004
23,983,0.004
20,483,0.004
21,93,0.004
21,106,0.004
23,890,0.003
18,161,0.003
23,953,0.003
23,963,0.003
23,966,0.003
23,951,0.003
23,934,0.003
23,935,0.003
23,940,0.003
20,781,0.003
20,784,0.003
20,715,0.003
20,717,0.003
20,746,0.003
20,738,0.003
20,740,0.003
20,803,0.003
20,759,0.003
20,753,0.003
20,757,0.003
20,762,0.003
20,792,0.003
20,970,0.003
20,436,0.003
20,570,0.003
20,592,0.003
20,529,0.003
20,741,0.003
20,670,0.003
23,790,0.003
23,800,0.003
23,835,0.003
23,772,0.003
23,775,0.003
20,332,0.003
20,411,0.003
20,413,0.003
20,1008,0.003
20,939,0.003
20,440,0.003
20,383,0.003
20,388,0.003
23,784,0.003
23,785,0.003
23,787,0.003
21,79,0.003
21,13,0.003
21,20,0.003
21,28,0.003
20,398,0.003
20,894,0.003
20,897,0.003
20,801,0.003
21,208,0.003
21,213,0.003
21,31,0.003
20,973,0.003
20,981,0.003
20,1000,0.003
21,74,0.003
21,78,0.003
22,671,0.003
22,674,0.003
22,531,0.003
22,515,0.003
22,518,0.003
22,519,0.003
22,540,0.003
19,514,0.003
19,388,0.003
22,661,0.003
22,707,0.003
22,683,0.003
22,687,0.003
22,630,0.003
22,668,0.003
19,553,0.003
19,422,0.003
19,437,0.003
22,812,0.003
22,817,0.003
22,822,0.003
22,718,0.003
22,721,0.003
22,657,0.003
22,628,0.003
22,631,0.003
22,636,0.003
22,682,0.003
22,760,0.003
22,761,0.003
22,763,0.003
22,766,0.003
22,787,0.003
22,759,0.003
22,550,0.003
22,552,0.003
22,553,0.003
22,561,0.003
22,562,0.003
22,601,0.003
22,727,0.003
22,731,0.003
22,736,0.003
22,790,0.003
22,776,0.003
22,778,0.003
22,779,0.003
22,784,0.003
22,880,0.003
22,882,0.003
22,888,0.003
22,890,0.003
22,891,0.003
22,740,0.003
22,724,0.003
22,726,0.003
22,568,0.003
22,569,0.003
22,523,0.003
22,578,0.003
22,824,0.003
22,829,0.003
22,832,0.003
22,837,0.003
19,276,0.003
22,798,0.003
22,851,0.003
22,541,0.003
22,545,0.003
22,547,0.003
22,481,0.003
22,524,0.003
22,945,0.003
22,948,0.003
22,910,0.003
22,793,0.003
22,805,0.003
19,361,0.003
19,365,0.003
19,375,0.003
22,449,0.003
22,901,0.003
22,903,0.003
22,906,0.003
22,907,0.003
19,214,0.003
22,942,0.003
22,960,0.003
22,556,0.003
22,606,0.003
22,505,0.003
22,443,0.003
22,445,0.003
22,466,0.003
22,485,0.003
22,501,0.003
19,255,0.003
19,230,0.003
22,925,0.003
22,469,0.003
22,452,0.003
22,453,0.003
22,454,0.003
19,737,0.003
22,1002,0.003
22,1003,0.003
19,246,0.003
22,876,0.003
22,860,0.003
22,863,0.003
22,871,0.003
22,893,0.003
22,474,0.003
22,407,0.003
22,413,0.003
22,458,0.003
22,1015,0.003
22,1019,0.003
23,0,0.003
22,962,0.003
22,528,0.003
19,656,0.003
22,548,0.003
22,534,0.003
22,425,0.003
22,426,0.003
22,435,0.003
22,440,0.003
19,797,0.003
19,771,0.003
19,792,0.003
22,390,0.003
22,372,0.003
22,375,0.003
22,377,0.003
22,282,0.003
22,986,0.003
22,987,0.003
22,928,0.003
22,963,0.003
22,970,0.003
22,973,0.003
22,1012,0.003
22,382,0.003
23,64,0.003
23,20,0.003
23,9,0.003
23,47,0.003
23,50,0.003
23,69,0.003
23,12,0.003
22,980,0.003
19,628,0.003
19,643,0.003
22,475,0.003
22,362,0.003
22,364,0.003
22,402,0.003
22,354,0.003
22,343,0.003
22,330,0.003
22,301,0.003
22,324,0.003
22,307,0.003
22,308,0.003
22,311,0.003
22,216,0.003
22,246,0.003
23,14,0.003
23,16,0.003
23,18,0.003
23,63,0.003
19,753,0.003
19,745,0.003
22,318,0.003
22,323,0.003
23,137,0.003
23,140,0.003
23,87,0.003
23,70,0.003
23,24,0.003
22,1001,0.003
23,29,0.003
22,997,0.003
22,283,0.003
22,285,0.003
22,288,0.003
22,263,0.003
22,269,0.003
22,272,0.003
23,81,0.003
23,84,0.003
22,230,0.003
22,231,0.003
22,232,0.003
22,185,0.003
22,186,0.003
22,119,0.003
22,120,0.003
22,123,0.003
19,68,0.003
19,75,0.003
23,91,0.003
19,899,0.003
19,809,0.003
19,845,0.003
22,294,0.003
22,228,0.003
23,199,0.003
23,206,0.003
23,209,0.003
23,158,0.003
23,95,0.003
23,99,0.003
23,40,0.003
19,141,0.003
22,250,0.003
22,260,0.003
22,235,0.003
23,148,0.003
23,149,0.003
23,153,0.003
23,197,0.003
23,198,0.003
22,157,0.003
22,160,0.003
22,162,0.003
22,202,0.003
22,225,0.003
22,111,0.003
22,112,0.003
22,116,0.003
23,275,0.003
23,113,0.003
23,127,0.003
23,133,0.003
23,157,0.003
19,20,0.003
23,116,0.003
23,143,0.003
23,213,0.003
23,215,0.003
23,217,0.003
23,218,0.003
23,259,0.003
23,262,0.003
19,45,0.003
23,271,0.003
22,124,0.003
22,165,0.003
19,866,0.003
19,875,0.003
19,876,0.003
22,172,0.003
22,175,0.003
22,176,0.003
20,7,0.003
22,135,0.003
22,31,0.003
22,36,0.003
22,40,0.003
22,41,0.003
22,43,0.003
21,1000,0.003
23,190,0.003
23,224,0.003
22,139,0.003
22,142,0.003
22,101,0.003
22,84,0.003
22,128,0.003
22,129,0.003
23,283,0.003
23,286,0.003
23,327,0.003
23,329,0.003
18,984,0.003
18,988,0.003
23,179,0.003
23,189,0.003
22,50,0.003
22,85,0.003
22,95,0.003
22,102,0.003
22,106,0.003
22,107,0.003
23,348,0.003
23,282,0.003
23,299,0.003
23,343,0.003
20,50,0.003
22,82,0.003
22,67,0.003
20,41,0.003
21,978,0.003
21,987,0.003
23,249,0.003
23,250,0.003
23,255,0.003
23,287,0.003
23,290,0.003
23,292,0.003
23,297,0.003
23,316,0.003
23,418,0.003
23,388,0.003
23,390,0.003
23,391,0.003
23,394,0.003
23,402,0.003
23,301,0.003
23,303,0.003
22,80,0.003
22,10,0.003
22,19,0.003
22,20,0.003
20,49,0.003
23,421,0.003
23,408,0.003
23,409,0.003
20,19,0.003
20,22,0.003
20,28,0.003
21,1015,0.003
21,1016,0.003
21,1006,0.003
21,1011,0.003
20,78,0.003
23,384,0.003
23,319,0.003
23,322,0.003
23,324,0.003
23,357,0.003
23,365,0.003
23,375,0.003
18,892,0.003
20,16,0.003
23,471,0.003
18,686,0.003
23,478,0.003
23,483,0.003
23,461,0.003
23,465,0.003
23,325,0.003
21,988,0.003
21,927,0.003
21,952,0.003
21,936,0.003
21,1023,0.003
22,4,0.003
21,974,0.003
21,975,0.003
23,440,0.003
23,426,0.003
23,429,0.003
21,844,0.003
21,845,0.003
21,857,0.003
21,870,0.003
21,939,0.003
23,541,0.003
18,725,0.003
23,458,0.003
23,393,0.003
23,451,0.003
23,454,0.003
23,403,0.003
23,485,0.003
21,798,0.003
21,812,0.003
21,818,0.003
21,826,0.003
21,827,0.003
21,832,0.003
23,559,0.003
23,499,0.003
20,81,0.003
21,753,0.003
21,755,0.003
21,757,0.003
21,763,0.003
21,777,0.003
21,788,0.003
21,795,0.003
23,510,0.003
21,738,0.003
21,673,0.003
21,705,0.003
21,686,0.003
21,714,0.003
21,718,0.003
20,166,0.003
23,609,0.003
23,623,0.003
23,515,0.003
23,516,0.003
23,467,0.003
23,521,0.003
23,507,0.003
23,508,0.003
21,600,0.003
21,612,0.003
21,708,0.003
21,709,0.003
21,652,0.003
21,636,0.003
21,648,0.003
23,608,0.003
21,883,0.003
21,886,0.003
20,143,0.003
20,54,0.003
20,67,0.003
21,905,0.003
21,671,0.003
21,657,0.003
23,584,0.003
20,203,0.003
20,213,0.003
20,216,0.003
20,161,0.003
21,601,0.003
21,610,0.003
21,627,0.003
23,639,0.003
23,675,0.003
23,586,0.003
23,587,0.003
23,528,0.003
23,531,0.003
23,582,0.003
23,583,0.003
21,540,0.003
21,489,0.003
20,148,0.003
21,572,0.003
21,574,0.003
21,516,0.003
23,699,0.003
23,638,0.003
20,103,0.003
20,110,0.003
20,112,0.003
21,527,0.003
21,514,0.003
21,544,0.003
21,530,0.003
21,479,0.003
21,254,0.003
21,258,0.003
21,259,0.003
21,261,0.003
21,350,0.003
21,297,0.003
21,279,0.003
21,309,0.003
20,191,0.003
20,195,0.003
20,200,0.003
21,494,0.003
21,503,0.003
21,439,0.003
21,314,0.003
21,235,0.003
21,469,0.003
21,407,0.003
21,410,0.003
21,411,0.003
21,447,0.003
21,449,0.003
20,246,0.003
20,193,0.003
21,628,0.003
21,545,0.003
21,422,0.003
21,431,0.003
21,432,0.003
21,367,0.003
21,398,0.003
21,467,0.003
21,395,0.003
21,325,0.003
21,188,0.003
21,135,0.003
21,138,0.003
21,141,0.003
21,150,0.003
21,217,0.003
23,646,0.003
23,666,0.003
23,652,0.003
23,692,0.003
20,239,0.003
20,241,0.003
21,385,0.003
21,386,0.003
23,759,0.003
23,761,0.003
23,742,0.003
23,664,0.003
23,665,0.003
23,599,0.003
23,601,0.003
23,622,0.003
21,291,0.003
21,296,0.003
21,304,0.003
21,327,0.003
23,752,0.003
18,446,0.003
18,339,0.003
23,755,0.003
20,270,0.003
20,279,0.003
21,263,0.003
21,270,0.003
21,273,0.003
21,195,0.003
21,197,0.003
21,224,0.003
23,763,0.003
23,766,0.003
23,706,0.003
23,750,0.003
20,347,0.003
20,354,0.003
20,360,0.003
20,269,0.003
23,806,0.003
23,809,0.003
23,831,0.003
23,713,0.003
23,737,0.003
23,732,0.003
23,736,0.003
23,684,0.003
21,163,0.003
21,164,0.003
21,173,0.003
21,174,0.003
21,176,0.003
23,820,0.003
18,365,0.003
18,373,0.003
23,948,0.003
23,1009,0.003
23,897,0.003
23,1007,0.003
23,881,0.003
18,6,0.003
23,884,0.003
20,683,0.003
20,422,0.003
23,896,0.003
23,1022,0.003
23,1018,0.003
23,1017,0.003
23,900,0.003
23,1012,0.003
23,1010,0.003
21,51,0.003
23,974,0.003
23,980,0.003
23,981,0.003
20,470,0.003
23,1014,0.003
23,998,0.003
23,1004,0.003
20,324,0.003
20,352,0.003
20,338,0.003
21,60,0.003
21,90,0.003
21,113,0.003
21,33,0.003
21,49,0.003
22,639,0.003
22,649,0.003
22,597,0.003
22,582,0.003
22,592,0.003
22,620,0.003
22,622,0.003
22,626,0.003
22,703,0.003
22,704,0.003
19,486,0.003
22,739,0.003
22,741,0.003
22,744,0.003
22,749,0.003
22,589,0.003
23,867,0.003
23,872,0.003
23,906,0.003
23,909,0.003
23,914,0.003
23,859,0.003
23,856,0.003
22,699,0.003
20,688,0.003
20,695,0.003
20,614,0.003
20,502,0.003
20,497,0.003
23,858,0.003
23,877,0.003
23,865,0.003
21,878,0.002
21,877,0.002
21,876,0.002
21,875,0.002
21,873,0.002
21,872,0.002
21,885,0.002
23,281,0.002
23,267,0.002
21,880,0.002
18,809,0.002
23,269,0.002
23,270,0.002
20,130,0.002
23,272,0.002
20,120,0.002
20,144,0.002
20,60,0.002
18,905,0.002
20,53,0.002
20,70,0.002
20,69,0.002
23,268,0.002
23,239,0.002
21,989,0.002
21,985,0.002
23,243,0.002
23,245,0.002
21,916,0.002
21,910,0.002
23,232,0.002
21,930,0.002
21,929,0.002
21,928,0.002
23,277,0.002
21,924,0.002
23,236,0.002
23,221,0.002
21,938,0.002
21,935,0.002
23,228,0.002
23,216,0.002
21,950,0.002
23,220,0.002
21,944,0.002
23,274,0.002
23,233,0.002
23,263,0.002
23,265,0.002
23,251,0.002
23,254,0.002
21,801,0.002
21,797,0.002
21,792,0.002
21,810,0.002
23,312,0.002
23,315,0.002
23,302,0.002
20,68,0.002
21,821,0.002
21,819,0.002
21,817,0.002
23,307,0.002
23,293,0.002
23,298,0.002
23,284,0.002
23,285,0.002
23,288,0.002
21,756,0.002
23,346,0.002
23,304,0.002
21,897,0.002
21,896,0.002
21,893,0.002
21,891,0.002
21,890,0.002
21,907,0.002
21,904,0.002
21,899,0.002
19,23,0.002
21,842,0.002
21,837,0.002
21,854,0.002
21,853,0.002
21,852,0.002
21,851,0.002
21,850,0.002
19,33,0.002
19,36,0.002
21,860,0.002
21,859,0.002
23,260,0.002
23,261,0.002
21,855,0.002
21,833,0.002
20,38,0.002
23,122,0.002
23,123,0.002
23,107,0.002
23,108,0.002
23,109,0.002
19,990,0.002
23,167,0.002
23,169,0.002
19,976,0.002
23,173,0.002
23,181,0.002
19,997,0.002
22,72,0.002
22,71,0.002
22,65,0.002
22,81,0.002
22,79,0.002
22,77,0.002
22,16,0.002
19,21,0.002
19,22,0.002
18,1002,0.002
19,1005,0.002
22,149,0.002
23,96,0.002
22,92,0.002
23,82,0.002
22,86,0.002
22,83,0.002
22,100,0.002
22,99,0.002
22,98,0.002
23,86,0.002
23,74,0.002
20,39,0.002
23,135,0.002
22,105,0.002
22,104,0.002
22,117,0.002
23,139,0.002
22,49,0.002
23,130,0.002
23,131,0.002
23,132,0.002
22,57,0.002
23,118,0.002
22,109,0.002
21,1020,0.002
21,1019,0.002
23,200,0.002
22,8,0.002
23,201,0.002
22,3,0.002
23,202,0.002
21,964,0.002
23,203,0.002
23,186,0.002
23,192,0.002
18,1005,0.002
21,954,0.002
23,194,0.002
21,973,0.002
21,972,0.002
21,968,0.002
21,967,0.002
21,965,0.002
21,983,0.002
21,982,0.002
21,981,0.002
21,980,0.002
21,955,0.002
22,23,0.002
18,1007,0.002
18,1010,0.002
22,33,0.002
22,32,0.002
22,30,0.002
22,27,0.002
22,26,0.002
18,1023,0.002
21,1002,0.002
21,998,0.002
23,212,0.002
21,996,0.002
21,1014,0.002
21,1012,0.002
19,98,0.002
19,83,0.002
20,90,0.002
23,152,0.002
23,155,0.002
23,147,0.002
20,13,0.002
23,205,0.002
19,90,0.002
23,397,0.002
21,523,0.002
23,398,0.002
23,401,0.002
23,387,0.002
21,517,0.002
23,450,0.002
21,533,0.002
21,528,0.002
23,456,0.002
23,349,0.002
21,541,0.002
21,539,0.002
23,442,0.002
21,478,0.002
21,477,0.002
21,476,0.002
21,475,0.002
21,474,0.002
21,473,0.002
23,443,0.002
21,490,0.002
21,542,0.002
21,562,0.002
21,580,0.002
20,209,0.002
20,208,0.002
20,224,0.002
20,222,0.002
20,221,0.002
18,761,0.002
20,150,0.002
20,149,0.002
20,158,0.002
21,508,0.002
20,153,0.002
21,579,0.002
21,576,0.002
21,571,0.002
21,590,0.002
21,582,0.002
21,515,0.002
21,513,0.002
21,511,0.002
23,411,0.002
21,509,0.002
20,156,0.002
23,481,0.002
20,250,0.002
23,482,0.002
20,265,0.002
20,264,0.002
20,261,0.002
18,705,0.002
20,192,0.002
18,710,0.002
20,186,0.002
20,184,0.002
23,444,0.002
21,460,0.002
21,457,0.002
21,454,0.002
21,453,0.002
21,471,0.002
18,801,0.002
21,406,0.002
21,405,0.002
21,404,0.002
21,401,0.002
21,399,0.002
20,194,0.002
23,447,0.002
21,484,0.002
23,433,0.002
23,434,0.002
21,499,0.002
21,497,0.002
23,436,0.002
23,438,0.002
21,507,0.002
21,506,0.002
21,504,0.002
20,254,0.002
23,486,0.002
23,489,0.002
21,435,0.002
23,491,0.002
23,493,0.002
21,445,0.002
23,476,0.002
21,443,0.002
23,480,0.002
20,256,0.002
20,255,0.002
23,427,0.002
18,995,0.002
18,974,0.002
20,104,0.002
18,975,0.002
23,328,0.002
23,334,0.002
23,320,0.002
21,733,0.002
23,378,0.002
21,748,0.002
21,747,0.002
21,567,0.002
23,380,0.002
23,381,0.002
21,682,0.002
23,383,0.002
21,680,0.002
21,677,0.002
21,676,0.002
23,371,0.002
21,695,0.002
21,689,0.002
21,688,0.002
21,744,0.002
21,767,0.002
21,766,0.002
21,765,0.002
21,764,0.002
21,762,0.002
21,781,0.002
21,778,0.002
21,772,0.002
23,340,0.002
21,790,0.002
21,787,0.002
20,172,0.002
21,721,0.002
18,846,0.002
21,715,0.002
18,852,0.002
21,728,0.002
18,858,0.002
21,723,0.002
21,741,0.002
18,818,0.002
20,162,0.002
20,183,0.002
21,783,0.002
23,410,0.002
21,597,0.002
21,594,0.002
21,593,0.002
21,609,0.002
21,606,0.002
21,605,0.002
21,603,0.002
21,623,0.002
21,621,0.002
18,771,0.002
21,684,0.002
21,633,0.002
21,631,0.002
21,630,0.002
18,775,0.002
21,561,0.002
21,558,0.002
21,550,0.002
18,783,0.002
21,548,0.002
21,569,0.002
21,568,0.002
21,618,0.002
21,703,0.002
23,376,0.002
21,699,0.002
21,698,0.002
21,697,0.002
21,712,0.002
22,777,0.002
21,707,0.002
21,706,0.002
23,362,0.002
23,363,0.002
21,665,0.002
21,638,0.002
23,366,0.002
23,354,0.002
21,645,0.002
21,644,0.002
23,356,0.002
23,360,0.002
23,412,0.002
23,413,0.002
21,669,0.002
21,668,0.002
23,364,0.002
19,235,0.002
19,239,0.002
19,686,0.002
19,683,0.002
19,240,0.002
19,675,0.002
19,573,0.002
19,570,0.002
19,569,0.002
19,566,0.002
22,151,0.002
19,222,0.002
19,223,0.002
19,579,0.002
19,330,0.002
19,607,0.002
19,331,0.002
22,537,0.002
19,300,0.002
22,532,0.002
19,308,0.002
19,312,0.002
19,565,0.002
22,873,0.002
22,874,0.002
22,862,0.002
19,502,0.002
22,864,0.002
22,865,0.002
19,499,0.002
19,498,0.002
19,496,0.002
19,517,0.002
19,516,0.002
22,918,0.002
19,508,0.002
19,507,0.002
19,505,0.002
22,572,0.002
22,571,0.002
22,570,0.002
22,913,0.002
22,517,0.002
22,514,0.002
22,530,0.002
22,525,0.002
22,922,0.002
22,947,0.002
19,736,0.002
22,950,0.002
22,951,0.002
19,730,0.002
22,937,0.002
22,941,0.002
19,631,0.002
22,943,0.002
22,944,0.002
19,652,0.002
22,919,0.002
19,645,0.002
22,930,0.002
22,932,0.002
19,638,0.002
22,934,0.002
22,936,0.002
22,990,0.002
22,991,0.002
22,993,0.002
22,414,0.002
22,408,0.002
22,929,0.002
22,493,0.002
22,490,0.002
22,909,0.002
22,486,0.002
22,497,0.002
22,496,0.002
22,897,0.002
22,513,0.002
22,512,0.002
22,509,0.002
22,508,0.002
19,739,0.002
22,953,0.002
22,954,0.002
22,456,0.002
22,455,0.002
22,956,0.002
19,728,0.002
19,726,0.002
19,725,0.002
19,724,0.002
22,957,0.002
22,958,0.002
22,900,0.002
22,770,0.002
19,386,0.002
22,773,0.002
22,758,0.002
22,762,0.002
22,764,0.002
19,406,0.002
22,816,0.002
22,811,0.002
22,708,0.002
22,723,0.002
22,872,0.002
22,720,0.002
22,801,0.002
22,804,0.002
22,665,0.002
19,535,0.002
22,795,0.002
22,797,0.002
22,858,0.002
22,843,0.002
22,844,0.002
22,845,0.002
22,800,0.002
22,780,0.002
22,785,0.002
22,783,0.002
19,348,0.002
22,729,0.002
22,734,0.002
22,742,0.002
22,754,0.002
22,753,0.002
19,338,0.002
22,697,0.002
22,769,0.002
22,690,0.002
22,706,0.002
22,701,0.002
22,700,0.002
19,438,0.002
19,442,0.002
19,469,0.002
19,494,0.002
19,487,0.002
22,781,0.002
19,399,0.002
19,344,0.002
22,585,0.002
22,584,0.002
22,595,0.002
22,594,0.002
22,593,0.002
22,591,0.002
19,366,0.002
22,602,0.002
22,599,0.002
22,613,0.002
22,836,0.002
19,545,0.002
22,555,0.002
22,564,0.002
22,826,0.002
22,560,0.002
22,828,0.002
22,557,0.002
22,830,0.002
22,885,0.002
19,600,0.002
22,886,0.002
22,878,0.002
22,610,0.002
19,457,0.002
19,452,0.002
19,451,0.002
19,446,0.002
19,443,0.002
19,463,0.002
19,290,0.002
19,291,0.002
22,677,0.002
22,673,0.002
22,689,0.002
19,383,0.002
19,274,0.002
19,281,0.002
22,623,0.002
22,635,0.002
22,634,0.002
22,633,0.002
22,651,0.002
22,648,0.002
22,645,0.002
22,644,0.002
19,382,0.002
22,688,0.002
19,211,0.002
22,249,0.002
19,180,0.002
19,184,0.002
22,258,0.002
19,186,0.002
22,194,0.002
22,191,0.002
22,201,0.002
22,199,0.002
22,419,0.002
22,206,0.002
22,204,0.002
22,222,0.002
23,4,0.002
23,6,0.002
22,156,0.002
22,152,0.002
23,10,0.002
22,167,0.002
22,166,0.002
22,177,0.002
22,209,0.002
22,275,0.002
23,36,0.002
22,297,0.002
22,293,0.002
23,27,0.002
22,229,0.002
22,244,0.002
22,237,0.002
22,236,0.002
19,120,0.002
19,905,0.002
19,209,0.002
19,919,0.002
19,131,0.002
19,104,0.002
19,912,0.002
19,910,0.002
19,813,0.002
19,109,0.002
19,802,0.002
19,799,0.002
19,202,0.002
19,823,0.002
19,124,0.002
22,187,0.002
23,88,0.002
23,89,0.002
22,178,0.002
22,125,0.002
22,118,0.002
22,133,0.002
22,141,0.002
19,1023,0.002
19,1020,0.002
19,1016,0.002
19,959,0.002
19,56,0.002
19,58,0.002
19,62,0.002
19,929,0.002
19,928,0.002
19,926,0.002
19,939,0.002
19,132,0.002
22,140,0.002
22,137,0.002
22,134,0.002
19,74,0.002
19,956,0.002
23,65,0.002
19,951,0.002
23,67,0.002
23,54,0.002
23,55,0.002
23,58,0.002
23,60,0.002
23,45,0.002
19,967,0.002
23,48,0.002
22,171,0.002
19,867,0.002
23,39,0.002
23,42,0.002
19,891,0.002
23,43,0.002
19,884,0.002
19,878,0.002
23,100,0.002
23,101,0.002
22,174,0.002
22,173,0.002
23,49,0.002
19,691,0.002
19,689,0.002
19,170,0.002
19,172,0.002
19,710,0.002
19,707,0.002
19,155,0.002
22,392,0.002
22,391,0.002
22,389,0.002
22,388,0.002
22,279,0.002
22,404,0.002
22,403,0.002
22,401,0.002
22,400,0.002
22,397,0.002
22,338,0.002
22,335,0.002
22,334,0.002
22,348,0.002
22,346,0.002
22,345,0.002
22,405,0.002
22,418,0.002
22,982,0.002
22,984,0.002
22,985,0.002
22,427,0.002
22,424,0.002
22,423,0.002
22,441,0.002
22,434,0.002
22,379,0.002
22,373,0.002
19,695,0.002
22,385,0.002
22,384,0.002
22,381,0.002
22,961,0.002
22,964,0.002
22,968,0.002
19,796,0.002
19,787,0.002
22,1016,0.002
19,200,0.002
19,166,0.002
22,974,0.002
19,742,0.002
19,741,0.002
19,254,0.002
22,1018,0.002
19,760,0.002
19,759,0.002
22,1006,0.002
22,1009,0.002
22,322,0.002
22,321,0.002
22,996,0.002
22,363,0.002
22,317,0.002
22,333,0.002
22,331,0.002
22,1000,0.002
22,328,0.002
22,326,0.002
22,325,0.002
23,31,0.002
22,267,0.002
22,266,0.002
22,264,0.002
22,999,0.002
22,360,0.002
22,357,0.002
22,356,0.002
22,369,0.002
22,368,0.002
22,366,0.002
22,365,0.002
22,306,0.002
19,256,0.002
22,304,0.002
22,302,0.002
19,747,0.002
22,298,0.002
22,312,0.002
19,844,0.002
19,835,0.002
19,863,0.002
19,861,0.002
19,265,0.002
19,853,0.002
19,241,0.002
19,243,0.002
19,244,0.002
22,299,0.002
23,816,0.002
20,874,0.002
18,238,0.002
20,631,0.002
21,86,0.002
23,613,0.002
21,88,0.002
20,561,0.002
21,147,0.002
23,710,0.002
20,557,0.002
20,554,0.002
21,152,0.002
20,553,0.002
23,1013,0.002
21,156,0.002
18,335,0.002
20,373,0.002
20,372,0.002
21,142,0.002
21,143,0.002
21,144,0.002
21,145,0.002
21,127,0.002
21,129,0.002
21,131,0.002
21,132,0.002
21,133,0.002
23,907,0.002
21,117,0.002
20,547,0.002
21,112,0.002
18,256,0.002
23,720,0.002
23,653,0.002
18,266,0.002
18,269,0.002
21,101,0.002
20,456,0.002
23,721,0.002
23,662,0.002
21,104,0.002
21,105,0.002
21,107,0.002
23,661,0.002
23,660,0.002
20,733,0.002
23,659,0.002
21,96,0.002
20,451,0.002
18,270,0.002
23,822,0.002
20,644,0.002
20,643,0.002
23,605,0.002
21,99,0.002
20,639,0.002
23,819,0.002
21,82,0.002
20,450,0.002
23,707,0.002
23,603,0.002
21,711,0.002
23,756,0.002
21,226,0.002
23,943,0.002
20,384,0.002
20,380,0.002
21,230,0.002
18,517,0.002
23,926,0.002
20,509,0.002
21,233,0.002
20,505,0.002
23,930,0.002
23,932,0.002
18,514,0.002
20,567,0.002
20,524,0.002
23,760,0.002
20,648,0.002
21,222,0.002
20,521,0.002
20,950,0.002
23,922,0.002
20,948,0.002
23,1019,0.002
20,280,0.002
20,281,0.002
20,514,0.002
20,534,0.002
23,1021,0.002
18,208,0.002
21,218,0.002
21,120,0.002
21,121,0.002
21,125,0.002
23,891,0.002
20,565,0.002
20,727,0.002
20,582,0.002
20,370,0.002
18,661,0.002
20,578,0.002
20,368,0.002
20,577,0.002
21,192,0.002
21,193,0.002
21,178,0.002
20,390,0.002
23,878,0.002
20,591,0.002
21,183,0.002
23,888,0.002
21,184,0.002
20,585,0.002
18,493,0.002
21,170,0.002
23,770,0.002
20,391,0.002
21,177,0.002
21,160,0.002
21,162,0.002
21,165,0.002
21,166,0.002
20,712,0.002
21,21,0.002
21,5,0.002
23,846,0.002
23,870,0.002
20,696,0.002
20,604,0.002
21,9,0.002
23,908,0.002
21,14,0.002
20,600,0.002
20,1012,0.002
18,565,0.002
20,1017,0.002
20,597,0.002
23,644,0.002
18,560,0.002
20,615,0.002
23,734,0.002
20,662,0.002
20,612,0.002
23,735,0.002
20,610,0.002
20,1020,0.002
23,915,0.002
20,607,0.002
23,904,0.002
20,1023,0.002
18,124,0.002
20,931,0.002
21,3,0.002
20,596,0.002
20,998,0.002
20,652,0.002
23,874,0.002
20,985,0.002
23,863,0.002
20,986,0.002
20,992,0.002
23,868,0.002
23,682,0.002
20,667,0.002
20,665,0.002
23,852,0.002
23,853,0.002
23,673,0.002
20,686,0.002
21,19,0.002
20,972,0.002
20,974,0.002
23,840,0.002
20,658,0.002
20,1016,0.002
20,680,0.002
23,731,0.002
20,709,0.002
21,25,0.002
23,841,0.002
21,27,0.002
21,30,0.002
23,842,0.002
23,843,0.002
21,18,0.002
23,857,0.002
20,956,0.002
23,717,0.002
23,702,0.002
20,394,0.002
23,701,0.002
18,119,0.002
20,397,0.002
20,435,0.002
20,728,0.002
23,810,0.002
23,697,0.002
21,67,0.002
21,48,0.002
21,50,0.002
20,930,0.002
20,432,0.002
21,54,0.002
20,441,0.002
21,57,0.002
23,637,0.002
20,431,0.002
23,719,0.002
21,38,0.002
20,430,0.002
23,634,0.002
18,121,0.002
21,44,0.002
23,648,0.002
20,627,0.002
21,110,0.002
23,641,0.002
18,131,0.002
20,487,0.002
20,486,0.002
20,485,0.002
20,484,0.002
20,500,0.002
20,499,0.002
21,59,0.002
21,61,0.002
20,739,0.002
21,63,0.002
20,742,0.002
20,334,0.002
20,925,0.002
20,945,0.002
23,716,0.002
20,339,0.002
20,428,0.002
18,400,0.002
23,728,0.002
23,729,0.002
23,714,0.002
20,937,0.002
20,323,0.002
18,430,0.002
20,327,0.002
20,330,0.002
20,407,0.002
23,695,0.002
20,421,0.002
20,420,0.002
23,811,0.002
20,840,0.002
23,967,0.002
23,762,0.002
23,965,0.002
23,964,0.002
23,962,0.002
23,990,0.002
20,230,0.002
18,622,0.002
23,994,0.002
18,618,0.002
23,938,0.002
23,995,0.002
20,837,0.002
23,947,0.002
21,282,0.002
23,946,0.002
20,315,0.002
20,316,0.002
23,945,0.002
23,751,0.002
23,549,0.002
20,291,0.002
23,548,0.002
20,296,0.002
23,834,0.002
20,300,0.002
21,348,0.002
20,821,0.002
21,333,0.002
21,334,0.002
20,308,0.002
21,283,0.002
21,284,0.002
21,285,0.002
23,996,0.002
20,918,0.002
20,825,0.002
20,826,0.002
21,287,0.002
18,732,0.002
21,349,0.002
18,604,0.002
23,917,0.002
20,829,0.002
18,54,0.002
23,830,0.002
20,257,0.002
23,827,0.002
20,913,0.002
18,165,0.002
23,1002,0.002
21,340,0.002
20,843,0.002
21,341,0.002
23,958,0.002
23,957,0.002
23,986,0.002
21,343,0.002
20,833,0.002
21,346,0.002
21,347,0.002
20,810,0.002
21,357,0.002
20,794,0.002
23,472,0.002
23,470,0.002
23,469,0.002
21,426,0.002
23,484,0.002
23,802,0.002
21,428,0.002
20,796,0.002
18,27,0.002
23,780,0.002
20,864,0.002
21,429,0.002
23,779,0.002
21,433,0.002
20,822,0.002
23,793,0.002
21,416,0.002
20,858,0.002
20,880,0.002
23,791,0.002
20,878,0.002
23,792,0.002
21,423,0.002
21,425,0.002
21,409,0.002
18,72,0.002
18,74,0.002
20,877,0.002
20,876,0.002
20,875,0.002
23,803,0.002
21,335,0.002
23,558,0.002
23,833,0.002
20,802,0.002
18,81,0.002
21,324,0.002
23,778,0.002
21,326,0.002
20,805,0.002
23,554,0.002
21,331,0.002
21,391,0.002
23,501,0.002
23,500,0.002
23,939,0.002
23,473,0.002
18,33,0.002
23,796,0.002
23,786,0.002
23,464,0.002
23,977,0.002
23,524,0.002
23,511,0.002
21,396,0.002
23,503,0.002
23,504,0.002
23,494,0.002
21,388,0.002
23,496,0.002
21,380,0.002
23,984,0.002
21,397,0.002
23,978,0.002
20,466,0.002
21,207,0.002
20,891,0.002
20,890,0.002
21,212,0.002
20,764,0.002
23,574,0.002
23,585,0.002
21,200,0.002
20,883,0.002
18,291,0.002
21,268,0.002
20,458,0.002
20,476,0.002
23,592,0.002
23,997,0.002
18,45,0.002
21,262,0.002
20,478,0.002
23,533,0.002
20,899,0.002
21,266,0.002
23,532,0.002
21,245,0.002
23,530,0.002
23,544,0.002
20,898,0.002
20,749,0.002
21,274,0.002
20,285,0.002
20,286,0.002
18,205,0.002
18,56,0.002
20,964,0.002
20,287,0.002
20,525,0.002
23,620,0.002
20,546,0.002
20,963,0.002
18,200,0.002
23,618,0.002
20,777,0.002
20,542,0.002
23,579,0.002
20,892,0.002
20,538,0.002
23,632,0.002
20,359,0.002
20,780,0.002
20,363,0.002
20,365,0.002
20,366,0.002
23,628,0.002
20,346,0.002
23,626,0.002
23,570,0.002
18,66,0.002
23,580,0.002
23,617,0.002
18,744,0.002
21,240,0.002
21,242,0.002
21,244,0.002
18,727,0.002
23,971,0.002
20,919,0.002
23,985,0.002
21,239,0.002
21,302,0.002
21,312,0.002
18,460,0.002
21,298,0.002
20,481,0.002
21,315,0.002
20,904,0.002
20,905,0.002
21,318,0.002
18,214,0.002
23,536,0.002
21,256,0.002
21,236,0.002
21,280,0.002
20,474,0.002
21,294,0.002
18,739,0.002
18,431,0.002
21,293,0.002
23,973,0.002
23,782,0.001
19,160,0.001
18,213,0.001
19,249,0.001
18,187,0.001
18,210,0.001
18,211,0.001
23,783,0.001
23,875,0.001
23,35,0.001
22,1021,0.001
18,347,0.001
19,169,0.001
22,966,0.001
18,219,0.001
18,188,0.001
19,165,0.001
18,254,0.001
19,174,0.001
23,32,0.001
19,161,0.001
19,263,0.001
23,34,0.001
18,340,0.001
19,171,0.001
19,163,0.001
23,804,0.001
18,345,0.001
18,224,0.001
22,1013,0.001
22,1005,0.001
18,223,0.001
19,259,0.001
18,331,0.001
18,324,0.001
22,1014,0.001
18,222,0.001
18,232,0.001
23,869,0.001
22,995,0.001
19,257,0.001
18,329,0.001
23,839,0.001
18,325,0.001
22,1007,0.001
23,838,0.001
23,836,0.001
18,326,0.001
19,258,0.001
19,179,0.001
19,253,0.001
18,221,0.001
23,826,0.001
18,356,0.001
23,1,0.001
23,815,0.001
19,156,0.001
23,774,0.001
19,168,0.001
18,374,0.001
19,261,0.001
18,231,0.001
19,159,0.001
18,338,0.001
23,776,0.001
23,2,0.001
18,364,0.001
23,3,0.001
23,825,0.001
19,260,0.001
19,158,0.001
18,47,0.001
19,288,0.001
19,286,0.001
19,284,0.001
19,316,0.001
18,49,0.001
22,849,0.001
18,50,0.001
22,848,0.001
18,51,0.001
18,0,0.001
19,213,0.001
22,846,0.001
23,969,0.001
23,972,0.001
22,855,0.001
22,853,0.001
22,852,0.001
22,796,0.001
22,792,0.001
23,1001,0.001
22,791,0.001
22,806,0.001
22,847,0.001
18,82,0.001
19,364,0.001
19,363,0.001
18,57,0.001
18,58,0.001
19,380,0.001
18,59,0.001
18,60,0.001
19,379,0.001
18,63,0.001
18,64,0.001
19,295,0.001
19,377,0.001
19,374,0.001
18,42,0.001
19,279,0.001
19,277,0.001
18,44,0.001
19,273,0.001
19,272,0.001
19,270,0.001
19,298,0.001
19,296,0.001
19,378,0.001
19,433,0.001
19,432,0.001
18,94,0.001
19,341,0.001
18,95,0.001
19,337,0.001
19,334,0.001
18,99,0.001
18,105,0.001
19,333,0.001
19,332,0.001
22,803,0.001
18,68,0.001
19,359,0.001
19,358,0.001
19,357,0.001
19,355,0.001
18,69,0.001
19,353,0.001
18,78,0.001
19,347,0.001
19,372,0.001
18,7,0.001
19,360,0.001
22,802,0.001
23,1006,0.001
23,987,0.001
22,799,0.001
22,814,0.001
23,989,0.001
22,808,0.001
22,765,0.001
22,772,0.001
18,84,0.001
22,768,0.001
18,93,0.001
19,429,0.001
19,428,0.001
19,423,0.001
19,421,0.001
18,85,0.001
18,90,0.001
19,415,0.001
19,411,0.001
19,441,0.001
19,440,0.001
19,439,0.001
22,767,0.001
18,134,0.001
18,140,0.001
22,898,0.001
18,143,0.001
18,108,0.001
18,110,0.001
18,112,0.001
22,896,0.001
18,115,0.001
18,116,0.001
22,908,0.001
18,36,0.001
18,120,0.001
19,315,0.001
19,311,0.001
19,305,0.001
19,301,0.001
18,265,0.001
19,327,0.001
19,325,0.001
19,324,0.001
19,321,0.001
19,320,0.001
22,904,0.001
23,876,0.001
23,860,0.001
23,861,0.001
22,972,0.001
22,969,0.001
23,855,0.001
22,981,0.001
22,979,0.001
22,977,0.001
22,989,0.001
23,849,0.001
18,133,0.001
23,910,0.001
23,911,0.001
22,940,0.001
22,938,0.001
22,952,0.001
18,164,0.001
22,946,0.001
22,959,0.001
18,125,0.001
18,132,0.001
22,955,0.001
23,850,0.001
23,894,0.001
22,867,0.001
23,895,0.001
23,879,0.001
23,887,0.001
18,156,0.001
18,160,0.001
22,869,0.001
22,868,0.001
22,884,0.001
22,877,0.001
19,318,0.001
22,887,0.001
23,929,0.001
22,831,0.001
18,152,0.001
22,825,0.001
22,841,0.001
22,840,0.001
23,918,0.001
22,834,0.001
19,371,0.001
19,368,0.001
22,892,0.001
18,272,0.001
18,275,0.001
18,276,0.001
19,221,0.001
19,220,0.001
18,237,0.001
19,217,0.001
19,215,0.001
18,242,0.001
18,243,0.001
19,231,0.001
22,920,0.001
19,228,0.001
18,246,0.001
22,917,0.001
22,915,0.001
22,914,0.001
18,248,0.001
22,926,0.001
22,924,0.001
18,253,0.001
22,923,0.001
23,892,0.001
19,229,0.001
18,998,0.001
18,994,0.001
18,991,0.001
18,990,0.001
18,983,0.001
18,829,0.001
18,821,0.001
18,545,0.001
18,817,0.001
18,815,0.001
18,814,0.001
18,813,0.001
19,138,0.001
18,508,0.001
18,812,0.001
18,853,0.001
18,509,0.001
18,511,0.001
18,847,0.001
18,844,0.001
18,515,0.001
18,842,0.001
18,840,0.001
18,880,0.001
18,516,0.001
23,341,0.001
18,502,0.001
23,591,0.001
23,593,0.001
23,377,0.001
23,594,0.001
23,595,0.001
23,597,0.001
23,576,0.001
23,374,0.001
23,373,0.001
23,577,0.001
23,372,0.001
23,385,0.001
23,567,0.001
18,972,0.001
23,630,0.001
23,633,0.001
23,321,0.001
23,616,0.001
23,317,0.001
23,332,0.001
23,331,0.001
23,344,0.001
18,981,0.001
18,979,0.001
18,976,0.001
23,621,0.001
18,973,0.001
23,379,0.001
19,30,0.001
18,639,0.001
19,28,0.001
18,641,0.001
19,27,0.001
19,24,0.001
18,643,0.001
18,649,0.001
19,50,0.001
19,49,0.001
19,44,0.001
18,651,0.001
18,473,0.001
19,42,0.001
23,606,0.001
23,607,0.001
19,41,0.001
19,40,0.001
18,941,0.001
18,933,0.001
18,929,0.001
23,598,0.001
23,602,0.001
18,928,0.001
18,921,0.001
18,912,0.001
19,43,0.001
23,335,0.001
23,353,0.001
18,480,0.001
23,352,0.001
18,483,0.001
18,484,0.001
23,345,0.001
18,489,0.001
18,498,0.001
23,296,0.001
23,294,0.001
18,499,0.001
18,658,0.001
18,634,0.001
23,306,0.001
18,660,0.001
23,314,0.001
23,313,0.001
18,662,0.001
23,311,0.001
18,665,0.001
23,309,0.001
18,667,0.001
23,256,0.001
23,248,0.001
18,671,0.001
18,631,0.001
18,659,0.001
23,517,0.001
23,498,0.001
23,490,0.001
23,488,0.001
23,425,0.001
23,423,0.001
23,437,0.001
23,435,0.001
23,555,0.001
23,557,0.001
23,448,0.001
23,560,0.001
23,535,0.001
23,547,0.001
23,550,0.001
23,457,0.001
23,551,0.001
23,552,0.001
23,453,0.001
18,652,0.001
23,452,0.001
18,605,0.001
23,392,0.001
18,614,0.001
23,389,0.001
18,620,0.001
23,546,0.001
18,811,0.001
18,786,0.001
18,808,0.001
18,787,0.001
18,807,0.001
18,803,0.001
18,802,0.001
18,790,0.001
18,799,0.001
18,791,0.001
18,792,0.001
18,693,0.001
18,692,0.001
23,518,0.001
18,691,0.001
18,688,0.001
18,687,0.001
18,683,0.001
18,675,0.001
18,713,0.001
18,712,0.001
18,708,0.001
18,704,0.001
18,702,0.001
23,474,0.001
18,698,0.001
18,729,0.001
18,795,0.001
18,750,0.001
18,749,0.001
18,735,0.001
18,777,0.001
18,746,0.001
18,747,0.001
18,776,0.001
18,748,0.001
18,714,0.001
18,772,0.001
18,717,0.001
18,770,0.001
18,625,0.001
18,766,0.001
18,724,0.001
18,798,0.001
18,728,0.001
23,406,0.001
23,405,0.001
23,404,0.001
23,416,0.001
23,415,0.001
23,537,0.001
23,355,0.001
23,368,0.001
23,367,0.001
18,718,0.001
18,626,0.001
18,630,0.001
18,576,0.001
18,580,0.001
18,584,0.001
18,587,0.001
18,879,0.001
18,871,0.001
18,865,0.001
18,863,0.001
18,862,0.001
18,588,0.001
18,861,0.001
18,754,0.001
18,904,0.001
18,894,0.001
18,593,0.001
18,889,0.001
18,888,0.001
18,884,0.001
18,597,0.001
18,883,0.001
18,882,0.001
18,763,0.001
18,762,0.001
18,760,0.001
18,758,0.001
18,860,0.001
19,54,0.001
19,51,0.001
19,77,0.001
19,76,0.001
19,71,0.001
19,69,0.001
19,66,0.001
23,769,0.001
19,88,0.001
23,92,0.001
23,90,0.001
23,758,0.001
18,906,0.001
23,102,0.001
18,307,0.001
18,310,0.001
18,312,0.001
18,315,0.001
23,98,0.001
18,319,0.001
18,320,0.001
18,323,0.001
23,38,0.001
23,37,0.001
23,53,0.001
23,52,0.001
18,298,0.001
23,134,0.001
23,722,0.001
23,723,0.001
23,142,0.001
23,724,0.001
23,725,0.001
23,138,0.001
23,726,0.001
23,727,0.001
23,83,0.001
23,718,0.001
19,139,0.001
23,705,0.001
23,768,0.001
19,135,0.001
19,134,0.001
19,133,0.001
19,152,0.001
19,150,0.001
19,147,0.001
19,146,0.001
19,144,0.001
19,142,0.001
19,65,0.001
23,765,0.001
23,767,0.001
19,63,0.001
19,136,0.001
19,210,0.001
19,208,0.001
19,206,0.001
23,748,0.001
19,201,0.001
19,116,0.001
23,753,0.001
19,113,0.001
23,754,0.001
19,110,0.001
23,738,0.001
19,108,0.001
23,51,0.001
19,107,0.001
23,746,0.001
19,105,0.001
23,797,0.001
23,799,0.001
19,129,0.001
19,126,0.001
19,125,0.001
19,123,0.001
19,122,0.001
23,788,0.001
19,140,0.001
23,25,0.001
23,743,0.001
18,279,0.001
18,284,0.001
18,285,0.001
18,290,0.001
23,68,0.001
18,292,0.001
18,296,0.001
18,297,0.001
18,439,0.001
18,440,0.001
18,442,0.001
23,8,0.001
18,462,0.001
19,212,0.001
18,410,0.001
23,19,0.001
23,17,0.001
18,416,0.001
18,417,0.001
19,196,0.001
19,189,0.001
18,420,0.001
19,188,0.001
18,421,0.001
18,422,0.001
19,182,0.001
18,426,0.001
18,467,0.001
23,240,0.001
23,689,0.001
23,690,0.001
23,185,0.001
18,397,0.001
18,398,0.001
23,178,0.001
23,175,0.001
18,401,0.001
18,403,0.001
18,405,0.001
18,406,0.001
23,733,0.001
18,409,0.001
18,377,0.001
18,381,0.001
18,383,0.001
18,386,0.001
18,388,0.001
23,195,0.001
18,390,0.001
23,208,0.001
23,207,0.001
18,391,0.001
23,204,0.001
18,395,0.001
23,191,0.001
18,958,0.001
18,956,0.001
18,954,0.001
18,951,0.001
18,949,0.001
18,945,0.001
18,944,0.001
18,943,0.001
18,982,0.001
23,663,0.001
23,266,0.001
23,651,0.001
23,279,0.001
23,688,0.001
23,278,0.001
23,647,0.001
23,649,0.001
23,219,0.001
23,635,0.001
23,636,0.001
23,225,0.001
23,223,0.001
23,237,0.001
23,698,0.001
23,700,0.001
23,231,0.001
23,247,0.001
23,657,0.001
18,534,0.001
19,8,0.001
18,536,0.001
18,544,0.001
19,7,0.001
19,5,0.001
23,677,0.001
23,679,0.001
19,2,0.001
19,38,0.001
23,164,0.001
23,162,0.001
23,146,0.001
23,159,0.001
23,170,0.001
23,669,0.001
23,670,0.001
23,115,0.001
23,114,0.001
23,112,0.001
23,671,0.001
23,672,0.001
23,125,0.001
23,121,0.001
23,120,0.001
23,119,0.001
23,161,0.001
23,156,0.001
18,546,0.001
23,151,0.001
18,559,0.001
19,85,0.001
19,82,0.001
19,81,0.001
19,80,0.001
19,79,0.001
19,78,0.001
19,101,0.001
19,97,0.001
19,95,0.001
19,13,0.001
19,93,0.001
19,91,0.001
18,566,0.001
19,1,0.001
18,568,0.001
18,570,0.001
18,1020,0.001
18,1015,0.001
18,574,0.001
18,521,0.001
18,523,0.001
18,527,0.001
18,528,0.001
19,94,0.001
21,211,0.001
21,214,0.001
21,198,0.001
21,199,0.001
21,201,0.001
21,202,0.001
21,204,0.001
21,272,0.001
18,79,0.001
21,276,0.001
21,277,0.001
21,264,0.001
21,267,0.001
21,246,0.001
21,247,0.001
21,250,0.001
21,252,0.001
21,275,0.001
21,221,0.001
21,223,0.001
20,302,0.001
20,283,0.001
20,288,0.001
20,271,0.001
20,272,0.001
20,274,0.001
21,206,0.001
20,277,0.001
20,358,0.001
20,362,0.001
20,345,0.001
20,348,0.001
20,349,0.001
20,350,0.001
21,205,0.001
20,275,0.001
20,240,0.001
20,242,0.001
20,226,0.001
20,227,0.001
20,229,0.001
20,231,0.001
20,232,0.001
20,233,0.001
21,237,0.001
20,304,0.001
20,307,0.001
20,310,0.001
20,318,0.001
20,319,0.001
20,290,0.001
20,292,0.001
20,298,0.001
20,234,0.001
21,310,0.001
21,311,0.001
21,313,0.001
21,319,0.001
21,300,0.001
21,303,0.001
21,306,0.001
21,308,0.001
20,237,0.001
21,292,0.001
21,295,0.001
21,288,0.001
21,352,0.001
21,356,0.001
21,359,0.001
21,342,0.001
20,236,0.001
21,290,0.001
20,401,0.001
20,403,0.001
21,52,0.001
21,58,0.001
21,34,0.001
21,36,0.001
21,39,0.001
21,41,0.001
21,219,0.001
21,109,0.001
21,111,0.001
21,115,0.001
21,116,0.001
21,100,0.001
21,102,0.001
21,103,0.001
21,91,0.001
21,108,0.001
21,62,0.001
21,64,0.001
21,65,0.001
20,335,0.001
20,336,0.001
20,337,0.001
20,340,0.001
20,341,0.001
20,400,0.001
20,322,0.001
20,325,0.001
20,408,0.001
20,409,0.001
20,410,0.001
20,412,0.001
20,419,0.001
20,396,0.001
20,321,0.001
21,187,0.001
21,189,0.001
21,191,0.001
21,179,0.001
21,180,0.001
21,181,0.001
21,185,0.001
21,169,0.001
21,94,0.001
21,167,0.001
21,168,0.001
21,227,0.001
21,228,0.001
21,231,0.001
21,232,0.001
21,234,0.001
21,215,0.001
21,175,0.001
21,95,0.001
21,97,0.001
21,83,0.001
21,84,0.001
21,85,0.001
21,87,0.001
21,89,0.001
21,146,0.001
21,186,0.001
21,151,0.001
21,154,0.001
21,137,0.001
21,140,0.001
21,130,0.001
21,134,0.001
21,119,0.001
21,126,0.001
21,149,0.001
21,584,0.001
21,588,0.001
21,575,0.001
21,578,0.001
20,171,0.001
20,154,0.001
20,155,0.001
20,157,0.001
20,299,0.001
20,146,0.001
20,147,0.001
20,151,0.001
20,152,0.001
20,211,0.001
20,212,0.001
20,218,0.001
20,204,0.001
20,145,0.001
21,483,0.001
21,485,0.001
21,486,0.001
21,472,0.001
21,537,0.001
21,538,0.001
21,543,0.001
21,531,0.001
21,583,0.001
21,535,0.001
21,536,0.001
21,518,0.001
21,520,0.001
21,521,0.001
21,522,0.001
21,525,0.001
21,510,0.001
21,534,0.001
21,655,0.001
21,656,0.001
21,661,0.001
21,662,0.001
21,646,0.001
21,649,0.001
21,650,0.001
21,651,0.001
20,205,0.001
21,640,0.001
21,642,0.001
21,643,0.001
21,710,0.001
21,701,0.001
21,683,0.001
21,685,0.001
21,691,0.001
21,637,0.001
20,206,0.001
20,207,0.001
21,566,0.001
21,549,0.001
21,554,0.001
21,624,0.001
21,629,0.001
21,634,0.001
21,653,0.001
21,620,0.001
21,604,0.001
21,596,0.001
21,598,0.001
21,599,0.001
21,663,0.001
21,664,0.001
21,670,0.001
21,619,0.001
21,362,0.001
21,366,0.001
21,368,0.001
21,369,0.001
21,427,0.001
21,430,0.001
21,417,0.001
21,419,0.001
21,482,0.001
21,412,0.001
21,413,0.001
21,414,0.001
21,415,0.001
21,400,0.001
21,402,0.001
21,403,0.001
21,462,0.001
21,420,0.001
21,332,0.001
21,336,0.001
21,337,0.001
21,321,0.001
21,329,0.001
21,393,0.001
21,394,0.001
21,382,0.001
21,361,0.001
21,389,0.001
21,371,0.001
21,372,0.001
21,373,0.001
21,374,0.001
21,375,0.001
21,376,0.001
21,377,0.001
21,384,0.001
20,251,0.001
21,461,0.001
21,444,0.001
21,450,0.001
21,452,0.001
21,434,0.001
21,437,0.001
21,438,0.001
21,466,0.001
21,500,0.001
21,501,0.001
21,491,0.001
21,492,0.001
21,493,0.001
21,495,0.001
21,496,0.001
21,481,0.001
21,442,0.001
21,468,0.001
21,455,0.001
21,456,0.001
20,210,0.001
20,197,0.001
20,198,0.001
20,199,0.001
20,201,0.001
20,244,0.001
20,185,0.001
20,187,0.001
20,188,0.001
20,258,0.001
20,262,0.001
20,263,0.001
20,266,0.001
20,267,0.001
20,202,0.001
20,438,0.001
20,423,0.001
20,424,0.001
20,425,0.001
20,429,0.001
20,492,0.001
20,493,0.001
20,495,0.001
21,81,0.001
20,488,0.001
20,489,0.001
20,490,0.001
20,630,0.001
20,605,0.001
20,606,0.001
20,609,0.001
20,595,0.001
20,496,0.001
20,571,0.001
20,572,0.001
20,555,0.001
20,559,0.001
20,562,0.001
20,633,0.001
20,636,0.001
20,638,0.001
20,437,0.001
20,616,0.001
20,619,0.001
20,620,0.001
20,622,0.001
20,625,0.001
20,626,0.001
20,447,0.001
20,434,0.001
20,640,0.001
20,657,0.001
20,661,0.001
20,743,0.001
20,744,0.001
20,729,0.001
20,730,0.001
20,731,0.001
20,732,0.001
20,598,0.001
20,737,0.001
20,721,0.001
20,722,0.001
20,723,0.001
20,724,0.001
20,725,0.001
20,726,0.001
20,710,0.001
20,735,0.001
20,601,0.001
20,602,0.001
20,697,0.001
20,699,0.001
20,703,0.001
20,706,0.001
20,707,0.001
20,682,0.001
20,656,0.001
20,687,0.001
20,689,0.001
20,663,0.001
20,668,0.001
20,669,0.001
20,675,0.001
20,677,0.001
20,645,0.001
20,685,0.001
23,952,0.001
23,956,0.001
23,959,0.001
23,960,0.001
18,168,0.001
18,172,0.001
18,176,0.001
18,177,0.001
20,569,0.001
18,184,0.001
18,185,0.001
18,146,0.001
18,150,0.001
18,151,0.001
23,999,0.001
20,491,0.001
20,472,0.001
18,180,0.001
18,9,0.001
18,11,0.001
18,13,0.001
18,16,0.001
18,20,0.001
18,21,0.001
18,22,0.001
18,25,0.001
23,968,0.001
18,30,0.001
23,982,0.001
23,933,0.001
23,944,0.001
23,949,0.001
23,936,0.001
18,2,0.001
23,961,0.001
18,28,0.001
20,522,0.001
20,523,0.001
20,503,0.001
20,504,0.001
20,506,0.001
20,511,0.001
20,512,0.001
20,583,0.001
20,475,0.001
20,586,0.001
20,587,0.001
20,593,0.001
20,574,0.001
20,575,0.001
20,579,0.001
20,563,0.001
20,566,0.001
20,584,0.001
20,480,0.001
20,462,0.001
20,464,0.001
20,468,0.001
20,471,0.001
20,537,0.001
20,539,0.001
20,541,0.001
20,520,0.001
20,545,0.001
20,527,0.001
20,528,0.001
20,530,0.001
20,532,0.001
20,533,0.001
20,515,0.001
20,517,0.001
20,544,0.001
20,374,0.001
20,377,0.001
20,378,0.001
20,448,0.001
20,449,0.001
20,452,0.001
20,454,0.001
20,457,0.001
20,714,0.001
20,442,0.001
20,444,0.001
20,935,0.001
20,938,0.001
20,940,0.001
20,942,0.001
20,944,0.001
20,924,0.001
20,439,0.001
20,900,0.001
20,881,0.001
20,886,0.001
20,888,0.001
20,889,0.001
20,959,0.001
20,961,0.001
20,962,0.001
20,367,0.001
20,968,0.001
20,946,0.001
20,952,0.001
20,954,0.001
20,955,0.001
20,406,0.001
20,389,0.001
20,393,0.001
20,965,0.001
21,24,0.001
21,26,0.001
21,32,0.001
21,16,0.001
21,17,0.001
21,6,0.001
21,7,0.001
21,10,0.001
20,927,0.001
20,1018,0.001
20,1021,0.001
21,0,0.001
21,2,0.001
21,70,0.001
21,73,0.001
21,75,0.001
21,80,0.001
21,15,0.001
20,929,0.001
20,933,0.001
20,934,0.001
20,1002,0.001
20,1003,0.001
20,1006,0.001
20,1014,0.001
20,991,0.001
20,980,0.001
20,996,0.001
20,1001,0.001
20,983,0.001
20,987,0.001
20,988,0.001
20,989,0.001
20,977,0.001
20,979,0.001
20,993,0.001
20,751,0.001
20,752,0.001
20,755,0.001
20,758,0.001
20,830,0.001
20,831,0.001
20,832,0.001
20,835,0.001
20,896,0.001
20,814,0.001
20,815,0.001
20,817,0.001
20,824,0.001
20,804,0.001
20,806,0.001
20,807,0.001
20,808,0.001
20,811,0.001
20,716,0.001
20,718,0.001
20,719,0.001
20,782,0.001
20,783,0.001
20,786,0.001
20,787,0.001
20,790,0.001
20,769,0.001
20,774,0.001
20,775,0.001
20,778,0.001
20,779,0.001
20,760,0.001
20,761,0.001
20,765,0.001
20,768,0.001
20,773,0.001
20,838,0.001
20,841,0.001
20,842,0.001
20,844,0.001
20,914,0.001
20,916,0.001
20,917,0.001
20,920,0.001
20,793,0.001
20,903,0.001
20,906,0.001
20,907,0.001
20,908,0.001
20,910,0.001
20,912,0.001
20,893,0.001
20,895,0.001
20,921,0.001
20,795,0.001
20,797,0.001
20,798,0.001
20,800,0.001
20,871,0.001
20,879,0.001
20,859,0.001
20,860,0.001
20,836,0.001
20,868,0.001
20,845,0.001
20,847,0.001
20,849,0.001
20,850,0.001
20,851,0.001
20,852,0.001
20,853,0.001
20,857,0.001
20,866,0.001
22,416,0.001
22,421,0.001
22,422,0.001
22,411,0.001
22,467,0.001
22,468,0.001
22,470,0.001
22,472,0.001
21,672,0.001
19,667,0.001
19,640,0.001
19,641,0.001
19,649,0.001
19,655,0.001
19,630,0.001
19,632,0.001
19,633,0.001
22,463,0.001
19,701,0.001
19,702,0.001
19,703,0.001
19,785,0.001
19,791,0.001
19,794,0.001
19,795,0.001
19,767,0.001
22,415,0.001
19,770,0.001
19,774,0.001
19,775,0.001
19,777,0.001
22,386,0.001
22,433,0.001
22,436,0.001
22,429,0.001
19,769,0.001
22,488,0.001
22,489,0.001
22,476,0.001
22,480,0.001
22,484,0.001
22,542,0.001
22,543,0.001
22,544,0.001
19,635,0.001
22,533,0.001
22,539,0.001
19,578,0.001
19,581,0.001
19,585,0.001
19,586,0.001
19,592,0.001
19,593,0.001
22,546,0.001
19,636,0.001
19,637,0.001
19,731,0.001
19,732,0.001
19,738,0.001
19,740,0.001
19,717,0.001
19,718,0.001
22,487,0.001
22,451,0.001
22,444,0.001
22,448,0.001
22,503,0.001
22,504,0.001
22,507,0.001
22,494,0.001
22,495,0.001
19,722,0.001
19,917,0.001
19,920,0.001
19,892,0.001
19,894,0.001
19,897,0.001
19,898,0.001
19,902,0.001
22,253,0.001
19,690,0.001
22,292,0.001
22,296,0.001
22,284,0.001
22,289,0.001
22,281,0.001
22,265,0.001
22,268,0.001
22,329,0.001
22,290,0.001
22,245,0.001
22,247,0.001
22,248,0.001
22,252,0.001
19,815,0.001
19,816,0.001
19,818,0.001
19,819,0.001
19,916,0.001
19,829,0.001
19,832,0.001
19,801,0.001
19,806,0.001
19,807,0.001
19,811,0.001
19,909,0.001
19,914,0.001
19,826,0.001
19,840,0.001
19,841,0.001
22,305,0.001
22,367,0.001
22,371,0.001
22,361,0.001
22,353,0.001
22,394,0.001
22,319,0.001
19,729,0.001
19,705,0.001
19,706,0.001
19,711,0.001
19,713,0.001
19,714,0.001
19,716,0.001
19,688,0.001
22,395,0.001
22,320,0.001
19,781,0.001
19,756,0.001
19,757,0.001
19,758,0.001
19,763,0.001
19,764,0.001
19,765,0.001
19,839,0.001
19,749,0.001
19,847,0.001
19,848,0.001
19,850,0.001
19,854,0.001
19,859,0.001
19,836,0.001
19,838,0.001
19,743,0.001
22,662,0.001
22,663,0.001
22,652,0.001
22,654,0.001
22,655,0.001
22,719,0.001
22,722,0.001
22,709,0.001
19,595,0.001
19,431,0.001
19,401,0.001
19,403,0.001
19,404,0.001
19,407,0.001
19,408,0.001
19,409,0.001
19,410,0.001
22,711,0.001
19,465,0.001
19,466,0.001
19,467,0.001
19,445,0.001
19,447,0.001
19,456,0.001
19,541,0.001
19,546,0.001
19,532,0.001
19,549,0.001
19,554,0.001
19,556,0.001
19,521,0.001
19,527,0.001
19,529,0.001
19,530,0.001
19,531,0.001
19,547,0.001
22,694,0.001
22,698,0.001
22,750,0.001
22,751,0.001
22,752,0.001
22,743,0.001
22,747,0.001
22,733,0.001
19,385,0.001
22,737,0.001
22,738,0.001
22,725,0.001
22,730,0.001
22,732,0.001
22,786,0.001
22,788,0.001
22,774,0.001
22,735,0.001
19,387,0.001
19,391,0.001
19,392,0.001
19,397,0.001
19,481,0.001
19,489,0.001
19,491,0.001
19,492,0.001
22,692,0.001
19,470,0.001
19,471,0.001
19,472,0.001
19,474,0.001
19,478,0.001
19,479,0.001
22,715,0.001
22,691,0.001
19,493,0.001
22,566,0.001
22,567,0.001
19,536,0.001
19,510,0.001
19,513,0.001
19,495,0.001
19,500,0.001
19,501,0.001
19,464,0.001
19,609,0.001
19,612,0.001
19,614,0.001
19,618,0.001
19,620,0.001
19,623,0.001
19,624,0.001
19,625,0.001
19,503,0.001
19,557,0.001
19,561,0.001
19,576,0.001
19,673,0.001
19,677,0.001
19,680,0.001
19,681,0.001
19,682,0.001
22,579,0.001
19,661,0.001
19,662,0.001
19,663,0.001
19,665,0.001
19,666,0.001
22,526,0.001
22,574,0.001
22,576,0.001
19,658,0.001
22,643,0.001
22,632,0.001
22,637,0.001
22,624,0.001
22,625,0.001
22,616,0.001
22,617,0.001
22,618,0.001
19,597,0.001
22,681,0.001
22,684,0.001
22,676,0.001
22,679,0.001
19,480,0.001
19,458,0.001
19,461,0.001
19,462,0.001
22,621,0.001
19,598,0.001
19,599,0.001
19,602,0.001
19,603,0.001
19,604,0.001
22,559,0.001
22,563,0.001
22,551,0.001
22,642,0.001
22,608,0.001
22,611,0.001
22,612,0.001
22,598,0.001
22,603,0.001
22,605,0.001
22,583,0.001
22,587,0.001
22,588,0.001
22,607,0.001
20,87,0.001
20,62,0.001
20,64,0.001
20,66,0.001
20,72,0.001
20,52,0.001
20,56,0.001
20,57,0.001
22,262,0.001
20,61,0.001
20,134,0.001
20,135,0.001
20,137,0.001
20,138,0.001
20,141,0.001
20,142,0.001
20,121,0.001
20,59,0.001
21,868,0.001
21,869,0.001
21,871,0.001
21,856,0.001
21,858,0.001
21,862,0.001
21,847,0.001
21,848,0.001
21,894,0.001
21,836,0.001
21,838,0.001
21,843,0.001
21,900,0.001
21,902,0.001
21,903,0.001
21,906,0.001
21,888,0.001
21,831,0.001
21,921,0.001
21,923,0.001
21,926,0.001
21,908,0.001
21,909,0.001
21,914,0.001
21,919,0.001
21,920,0.001
20,124,0.001
21,990,0.001
21,992,0.001
21,976,0.001
21,969,0.001
21,970,0.001
21,953,0.001
21,956,0.001
21,958,0.001
21,986,0.001
20,129,0.001
20,131,0.001
20,132,0.001
21,898,0.001
21,881,0.001
21,882,0.001
21,884,0.001
21,887,0.001
21,941,0.001
21,879,0.001
21,942,0.001
21,945,0.001
21,946,0.001
21,951,0.001
21,933,0.001
21,934,0.001
21,940,0.001
21,874,0.001
20,105,0.001
20,107,0.001
20,108,0.001
20,109,0.001
20,111,0.001
20,173,0.001
20,174,0.001
20,177,0.001
21,867,0.001
20,179,0.001
20,181,0.001
20,163,0.001
20,164,0.001
20,165,0.001
20,168,0.001
20,169,0.001
21,724,0.001
20,178,0.001
21,675,0.001
21,681,0.001
21,742,0.001
21,743,0.001
21,745,0.001
21,749,0.001
21,734,0.001
21,735,0.001
20,119,0.001
21,740,0.001
20,133,0.001
20,113,0.001
20,114,0.001
20,115,0.001
20,116,0.001
20,117,0.001
20,118,0.001
21,736,0.001
21,824,0.001
21,825,0.001
21,828,0.001
21,829,0.001
21,830,0.001
21,813,0.001
21,820,0.001
21,822,0.001
21,725,0.001
21,803,0.001
21,805,0.001
21,807,0.001
21,808,0.001
21,811,0.001
21,796,0.001
21,799,0.001
21,866,0.001
21,802,0.001
21,727,0.001
21,731,0.001
21,732,0.001
21,719,0.001
21,720,0.001
21,722,0.001
21,784,0.001
21,785,0.001
21,823,0.001
21,791,0.001
21,774,0.001
21,775,0.001
21,782,0.001
21,751,0.001
21,752,0.001
21,754,0.001
21,759,0.001
21,789,0.001
19,921,0.001
19,924,0.001
19,925,0.001
19,927,0.001
19,931,0.001
20,1,0.001
20,3,0.001
20,4,0.001
21,959,0.001
20,10,0.001
20,11,0.001
20,12,0.001
19,1014,0.001
19,1015,0.001
19,1017,0.001
19,1019,0.001
22,126,0.001
20,5,0.001
22,114,0.001
22,103,0.001
22,108,0.001
22,93,0.001
22,94,0.001
22,87,0.001
22,91,0.001
22,145,0.001
19,946,0.001
22,138,0.001
19,960,0.001
19,933,0.001
19,935,0.001
19,936,0.001
19,938,0.001
19,940,0.001
19,943,0.001
22,146,0.001
19,972,0.001
19,973,0.001
19,974,0.001
19,947,0.001
19,949,0.001
19,950,0.001
19,953,0.001
22,169,0.001
22,121,0.001
22,219,0.001
22,220,0.001
22,207,0.001
22,210,0.001
22,203,0.001
22,190,0.001
22,254,0.001
22,255,0.001
22,154,0.001
22,179,0.001
22,181,0.001
22,183,0.001
22,170,0.001
19,907,0.001
19,877,0.001
19,881,0.001
19,890,0.001
19,969,0.001
19,865,0.001
19,868,0.001
19,871,0.001
19,872,0.001
19,874,0.001
19,961,0.001
19,963,0.001
19,965,0.001
19,864,0.001
20,97,0.001
20,98,0.001
20,102,0.001
20,75,0.001
20,79,0.001
20,83,0.001
20,84,0.001
20,85,0.001
22,52,0.001
21,1010,0.001
21,993,0.001
21,995,0.001
21,997,0.001
21,1001,0.001
22,37,0.001
22,38,0.001
22,42,0.001
21,1007,0.001
21,960,0.001
22,1,0.001
22,6,0.001
21,1017,0.001
20,40,0.001
20,23,0.001
20,24,0.001
20,26,0.001
20,95,0.001
20,30,0.001
20,14,0.001
20,15,0.001
20,17,0.001
20,18,0.001
20,20,0.001
20,88,0.001
20,94,0.001
20,27,0.001
19,983,0.001
19,984,0.001
19,987,0.001
20,42,0.001
20,43,0.001
20,45,0.001
20,48,0.001
20,51,0.001
22,34,0.001
20,34,0.001
20,35,0.001
20,36,0.001
22,74,0.001
22,56,0.001
22,62,0.001
22,63,0.001
22,47,0.001
20,33,0.001
22,18,0.001
22,24,0.001
22,11,0.001
22,12,0.001
22,13,0.001
22,15,0.001
22,76,0.001
22,66,0.001
19,982,0.001
20,0,0.001
19,992,0.001
19,996,0.001
19,1000,0.001
19,1002,0.001
19,1009,0.001
19,1011,0.001
19,975,0.001
19,981,0.001
22,68,0.001
