layer,neuron_id,top_category,spec_score,top_cat_rate,activity_rate,top_cat_lift,rank_score
23,1641,sports,0.81983524084609,0.19047619047619047,0.011,17.316017316017316,0.7807954674724666
23,827,sports,0.604745863235379,0.14285714285714285,0.013,10.989010989010989,0.43196133088241356
23,3236,sports,0.6259633296883502,0.09523809523809523,0.013,7.326007326007326,0.29807777604207153
23,1936,sports,0.6035576581110216,0.047619047619047616,0.01,4.761904761904762,0.13686114696395046
23,3312,science,0.8432316647166871,0.25,0.01,25.0,1.054039580895859
23,3114,science,0.6658893599040361,0.16666666666666666,0.016,10.416666666666666,0.55490779992003
23,1636,science,0.6324093390846166,0.16666666666666666,0.013,12.820512820512821,0.5270077825705138
23,314,science,0.6467390115882086,0.08333333333333333,0.012,6.944444444444444,0.26947458816175357
23,3033,science,0.6311324202798099,0.08333333333333333,0.012,6.944444444444444,0.2629718417832541
23,965,science,0.6432029274264552,0.08333333333333333,0.017,4.901960784313725,0.26274629388335585
23,1052,science,0.6057137562405793,0.08333333333333333,0.012,6.944444444444444,0.25238073176690806
23,858,history,0.8033240624848029,0.05660377358490566,0.01,5.660377358490566,0.22735586674098196
23,967,history,0.7523677796499458,0.05660377358490566,0.015,3.7735849056603774,0.1607051149127688
23,2068,history,0.6112916286722392,0.05660377358490566,0.014,4.0431266846361185,0.13989789599883418
23,1277,history,0.7088489820374275,0.03773584905660377,0.017,2.2197558268590454,0.05937628899021444
23,3342,geography,0.6509509455329704,0.2391304347826087,0.029,8.245877061469265,0.7783109131372472
23,365,geography,0.8899484690158862,0.10869565217391304,0.01,10.869565217391305,0.483667646204286
23,3453,geography,0.6202531671376053,0.15217391304347827,0.025,6.086956521739131,0.4719317576046997
23,3803,geography,0.6206562768700452,0.13043478260869565,0.024,5.434782608695652,0.4047758327413338
23,3500,geography,0.6376676142768232,0.06521739130434782,0.014,4.658385093167702,0.1937283462223673
23,449,geography,0.6075174965755652,0.043478260869565216,0.01,4.3478260869565215,0.11484262695190267
23,1820,geography,0.737528819946244,0.043478260869565216,0.013,3.3444816053511706,0.1072457205098508
23,3873,entertainment,0.6412188721273493,0.11764705882352941,0.022,5.347593582887701,0.3771875718396172
23,3841,entertainment,0.6222686311731789,0.07352941176470588,0.013,5.656108597285068,0.22877523204896283
23,652,entertainment,0.763693834923066,0.058823529411764705,0.015,3.9215686274509807,0.17616928141247198
23,3448,entertainment,0.731935305405915,0.058823529411764705,0.02,2.941176470588235,0.12663240577957005
23,2013,entertainment,0.7261421389790761,0.04411764705882353,0.016,2.7573529411764706,0.08833368364527039
23,382,definition,0.6031624430300437,0.05263157894736842,0.012,4.385964912280701,0.13923417429133048
23,933,definition,0.7563683610000126,0.039473684210526314,0.011,3.588516746411483,0.10714107354885596
23,1821,definition,0.730137604079564,0.039473684210526314,0.014,2.8195488721804507,0.08126284176785807
23,1978,dates_numbers,0.6503305828815427,0.06382978723404255,0.012,5.319148936170213,0.20755231368559868
23,3423,dates_numbers,0.6255157219888205,0.06382978723404255,0.012,5.319148936170213,0.19963267723047462
23,1528,dates_numbers,0.6241192931139639,0.06382978723404255,0.011,5.802707930367505,0.19918700844062676
23,1419,dates_numbers,0.7435366817436042,0.0425531914893617,0.012,3.5460992907801416,0.11219808084255382
23,3112,author,0.6004532514215929,0.34375,0.024,14.322916666666666,1.0320290258808626
23,37,author,0.6464001373931687,0.28125,0.022,12.78409090909091,0.9090001932091435
23,3142,author,0.6173360407877926,0.125,0.015,8.333333333333334,0.38583502549237036
23,3428,author,0.6243002320523978,0.0625,0.013,4.8076923076923075,0.18759021395805223
22,2491,sports,0.7747256470884833,0.14285714285714285,0.011,12.987012987012987,0.5533754622060595
22,1588,sports,0.6323035948967931,0.14285714285714285,0.013,10.989010989010989,0.4516454249262808
22,759,sports,0.7680175345908351,0.09523809523809523,0.019,5.012531328320802,0.3657226355194453
22,3195,sports,0.649000036221038,0.09523809523809523,0.013,7.326007326007326,0.30904763629573234
22,2554,science,0.7504484780686078,0.16666666666666666,0.011,15.151515151515152,0.6253737317238397
22,2314,science,0.6785010188328982,0.16666666666666666,0.019,8.771929824561402,0.5654175156940817
22,3268,science,0.6387479078091176,0.16666666666666666,0.022,7.575757575757576,0.5322899231742646
22,182,science,0.6722008244932173,0.08333333333333333,0.011,7.575757575757576,0.28008367687217384
22,2113,science,0.6286010300366482,0.08333333333333333,0.015,5.555555555555555,0.2619170958486034
22,2608,science,0.6207867482730562,0.08333333333333333,0.01,8.333333333333332,0.2586611451137734
22,2932,science,0.6207867482730562,0.08333333333333333,0.01,8.333333333333332,0.2586611451137734
22,1079,history,0.7369627044655458,0.1320754716981132,0.011,12.006861063464838,0.4866734840810208
22,3342,history,0.6181150685288466,0.05660377358490566,0.013,4.354136429608128,0.15234098137195332
22,3509,geography,0.715513115195997,0.08695652173913043,0.011,7.905138339920949,0.3110926587808683
22,608,geography,0.765190386768409,0.08695652173913043,0.02,4.3478260869565215,0.2892969326156556
22,273,geography,0.6450325355857238,0.06521739130434782,0.013,5.016722408026756,0.21033669638664906
22,2958,geography,0.7160989902830969,0.043478260869565216,0.017,2.5575447570332477,0.07962848774414509
22,230,entertainment,0.6113893657749759,0.058823529411764705,0.011,5.347593582887701,0.17982040169852234
22,3146,definition,0.7563683610000126,0.039473684210526314,0.011,3.588516746411483,0.10714107354885596
22,434,dates_numbers,0.6352100183892423,0.06382978723404255,0.01,6.382978723404254,0.20272660161358796
22,2636,dates_numbers,0.6253524282635023,0.06382978723404255,0.011,5.802707930367505,0.19958056221175605
22,168,dates_numbers,0.6144408858675132,0.06382978723404255,0.012,5.319148936170213,0.19609815506409997
22,737,biography,0.6201307292494702,0.06060606060606061,0.01,6.0606060606060606,0.18791840280286978
22,740,biography,0.6159074599930124,0.06060606060606061,0.015,4.040404040404041,0.15081909029519744
22,977,author,0.609076918076493,0.09375,0.017,5.514705882352941,0.2855048053483561
22,2530,author,0.7277540537026106,0.03125,0.01,3.125,0.07106973180689556
21,1605,sports,0.6333219522257172,0.14285714285714285,0.011,12.987012987012987,0.4523728230183694
21,1322,sports,0.6065209319496616,0.09523809523809523,0.015,6.349206349206349,0.2888194914046007
21,446,sports,0.7532035136609307,0.047619047619047616,0.011,4.329004329004329,0.15526767958378287
21,3543,science,0.7614619391595744,0.25,0.018,13.88888888888889,0.951827423949468
21,2410,science,0.628372669437475,0.25,0.022,11.363636363636365,0.7854658367968438
21,97,science,0.886806745893149,0.16666666666666666,0.01,16.666666666666664,0.7390056215776242
21,3295,science,0.6367513053404827,0.16666666666666666,0.019,8.771929824561402,0.5306260877837355
21,1847,science,0.6325157711425967,0.16666666666666666,0.018,9.25925925925926,0.5270964759521639
21,2963,science,0.6802405035452384,0.08333333333333333,0.011,7.575757575757576,0.2834335431438493
21,3498,science,0.6722008244932173,0.08333333333333333,0.011,7.575757575757576,0.28008367687217384
21,2223,science,0.647456126951135,0.08333333333333333,0.01,8.333333333333332,0.26977338622963953
21,2599,science,0.6368394042183654,0.08333333333333333,0.012,6.944444444444444,0.26534975175765224
21,1803,science,0.6241767647173169,0.08333333333333333,0.012,6.944444444444444,0.26007365196554866
21,576,science,0.6121212865998241,0.08333333333333333,0.015,5.555555555555555,0.25505053608326006
21,1827,science,0.6069247982360719,0.08333333333333333,0.016,5.208333333333333,0.25288533259836327
21,325,science,0.6041748951511925,0.08333333333333333,0.013,6.410256410256411,0.25173953964633017
21,3977,history,0.605488821561977,0.09433962264150944,0.024,3.9308176100628933,0.2245345398577404
21,1408,history,0.7903487988702403,0.05660377358490566,0.011,5.145797598627787,0.22368362232176614
21,3571,history,0.6350629512429364,0.05660377358490566,0.011,5.145797598627787,0.17973479752158578
21,2915,history,0.7523677796499458,0.03773584905660377,0.01,3.773584905660377,0.10713674327517916
21,2483,geography,0.6841049584846185,0.17391304347826086,0.023,7.561436672967864,0.5948738769431465
21,1349,geography,0.7338178728814426,0.15217391304347827,0.018,8.454106280193239,0.5583396858880542
21,42,geography,0.6254121673130761,0.06521739130434782,0.016,4.076086956521739,0.16625441593270573
21,3428,geography,0.6254121673130761,0.06521739130434782,0.016,4.076086956521739,0.16625441593270573
21,1600,entertainment,0.7848455918622093,0.07352941176470588,0.016,4.595588235294118,0.26520788003561896
21,2825,entertainment,0.7557809497117844,0.058823529411764705,0.016,3.676470588235294,0.16344743722140667
21,1612,entertainment,0.7791830803810524,0.04411764705882353,0.01,4.411764705882353,0.15165760647555088
21,3746,entertainment,0.766547427884816,0.04411764705882353,0.011,4.010695187165776,0.13563476822435014
21,658,definition,0.8159127543800944,0.09210526315789473,0.017,5.417956656346749,0.37574929478030655
21,2005,definition,0.8178520220644773,0.06578947368421052,0.012,5.482456140350877,0.26903027041594646
21,3371,definition,0.7460790656871503,0.07894736842105263,0.024,3.289473684210526,0.19375321996723086
21,2382,definition,0.7720545920035403,0.05263157894736842,0.013,4.048582995951417,0.16451195227009166
21,2463,definition,0.7188555965639758,0.039473684210526314,0.016,2.4671052631578947,0.07000627996316419
21,3197,definition,0.7109577200509336,0.02631578947368421,0.012,2.1929824561403506,0.041029415977085266
21,518,definition,0.7067196259113795,0.02631578947368421,0.013,2.0242914979757085,0.037647540268025755
21,3516,dates_numbers,0.718917625009114,0.0425531914893617,0.016,2.6595744680851063,0.08136233872896266
21,1176,biography,0.6042073653539276,0.06060606060606061,0.013,4.662004662004662,0.1707162153998524
21,1087,biography,0.7090187972353212,0.030303030303030304,0.013,2.331002331002331,0.050082559669091
21,250,author,0.7277540537026106,0.03125,0.01,3.125,0.07106973180689556
20,130,sports,0.7007445686735194,0.14285714285714285,0.011,12.987012987012987,0.5005318347667995
20,3235,sports,0.6747522268132786,0.09523809523809523,0.01,9.523809523809524,0.32131058419679936
20,2146,sports,0.6105302145775942,0.047619047619047616,0.01,4.761904761904762,0.13844222552779914
20,2617,science,0.7037942834950791,0.3333333333333333,0.034,9.80392156862745,1.1729904724917986
20,3123,science,0.7789918621419656,0.16666666666666666,0.011,15.151515151515152,0.6491598851183046
20,2136,science,0.7504484780686078,0.16666666666666666,0.011,15.151515151515152,0.6253737317238397
20,2987,science,0.7226064767916354,0.16666666666666666,0.017,9.80392156862745,0.6021720639930295
20,1203,science,0.6401766453590437,0.16666666666666666,0.026,6.410256410256411,0.5334805377992031
20,2940,science,0.6311324202798099,0.08333333333333333,0.012,6.944444444444444,0.2629718417832541
20,2357,science,0.6286010300366482,0.08333333333333333,0.015,5.555555555555555,0.2619170958486034
20,819,science,0.6128716467537427,0.08333333333333333,0.011,7.575757575757576,0.2553631861473928
20,3755,science,0.6021975932335315,0.08333333333333333,0.014,5.952380952380952,0.2509156638473048
20,2983,history,0.8282269226098368,0.09433962264150944,0.014,6.738544474393532,0.39067307670275325
20,1984,history,0.6340906742209595,0.07547169811320754,0.011,6.86106346483705,0.23927949970602244
20,3081,history,0.6263917830456587,0.07547169811320754,0.012,6.289308176100628,0.23637425775307874
20,1553,geography,0.632024605914753,0.08695652173913043,0.011,7.905138339920949,0.2747933069194578
20,3531,geography,0.6135154878386406,0.06521739130434782,0.014,4.658385093167702,0.18639074367228484
20,3,entertainment,0.6646259492061997,0.07352941176470588,0.011,6.684491978609627,0.24434777544345576
20,3613,entertainment,0.7620353717372761,0.07352941176470588,0.019,3.8699690402476783,0.2168421541321242
20,33,entertainment,0.6307443263911983,0.058823529411764705,0.014,4.201680672268908,0.15589330854948055
20,884,entertainment,0.7465772389679417,0.04411764705882353,0.013,3.393665158371041,0.11177793370228034
20,3882,definition,0.8112107944589164,0.05263157894736842,0.01,5.263157894736842,0.21347652485760957
20,3294,definition,0.7720545920035403,0.05263157894736842,0.013,4.048582995951417,0.16451195227009166
20,684,definition,0.7145454941262018,0.039473684210526314,0.017,2.3219814241486065,0.0654932117396103
20,2959,definition,0.716603405824502,0.02631578947368421,0.011,2.3923444976076556,0.04511479512871455
20,3789,definition,0.7067196259113795,0.02631578947368421,0.013,2.0242914979757085,0.037647540268025755
20,1096,dates_numbers,0.7062517717072821,0.02127659574468085,0.01,2.127659574468085,0.03197156051187334
20,834,biography,0.7969857059490886,0.06060606060606061,0.01,6.0606060606060606,0.2415108199845723
20,2921,author,0.6346651905898004,0.3125,0.021,14.88095238095238,0.9916643602965631
20,2241,author,0.6793047718037214,0.21875,0.022,9.943181818181818,0.7429895941603203
20,808,author,0.6243002320523978,0.0625,0.013,4.8076923076923075,0.18759021395805223
20,2012,author,0.6243002320523978,0.0625,0.013,4.8076923076923075,0.18759021395805223
19,543,sports,0.6147834125029529,0.3333333333333333,0.022,15.151515151515152,1.0246390208382548
19,2291,sports,0.7086811448363937,0.047619047619047616,0.02,2.380952380952381,0.08034933614925097
19,80,science,0.7579241524195266,0.16666666666666666,0.015,11.11111111111111,0.6316034603496055
19,1302,science,0.6451067143464919,0.16666666666666666,0.016,10.416666666666666,0.5375889286220765
19,3796,science,0.6576089907554199,0.08333333333333333,0.013,6.410256410256411,0.2740037461480916
19,2790,science,0.653551157887124,0.08333333333333333,0.01,8.333333333333332,0.2723129824529683
19,1883,science,0.6479736781327115,0.08333333333333333,0.016,5.208333333333333,0.26998903255529644
19,3485,geography,0.6313317400316881,0.08695652173913043,0.015,5.797101449275362,0.27449206088334266
19,1911,geography,0.7453402512997921,0.043478260869565216,0.012,3.623188405797101,0.11741339812536106
19,1656,geography,0.7071080111317422,0.043478260869565216,0.02,2.1739130434782608,0.06683440558901155
19,1214,entertainment,0.6266325426065049,0.10294117647058823,0.016,6.4338235294117645,0.32253145575334813
19,2631,entertainment,0.6464505890175533,0.08823529411764706,0.023,3.8363171355498724,0.2188226004647954
19,465,entertainment,0.6331831167913193,0.10294117647058823,0.035,2.941176470588235,0.1917076910700361
19,99,entertainment,0.766547427884816,0.04411764705882353,0.011,4.010695187165776,0.13563476822435014
19,1877,entertainment,0.731935305405915,0.04411764705882353,0.015,2.9411764705882355,0.09497430433467756
19,1478,entertainment,0.7060700050617459,0.058823529411764705,0.029,2.028397565922921,0.08424651056696646
19,2926,definition,0.6314785455519606,0.05263157894736842,0.01,5.263157894736842,0.16617856461893699
19,2558,definition,0.7240056614523949,0.07894736842105263,0.03,2.631578947368421,0.15041668866739502
19,1987,definition,0.7563683610000126,0.039473684210526314,0.011,3.588516746411483,0.10714107354885596
19,2249,dates_numbers,0.6325672355965088,0.0851063829787234,0.013,6.546644844517185,0.26917754706234415
19,3823,biography,0.6430217673126322,0.06060606060606061,0.011,5.5096418732782375,0.19485508100382795
19,1444,biography,0.6086352759965306,0.06060606060606061,0.015,4.040404040404041,0.1490383289859885
19,1898,author,0.7065747165586034,0.1875,0.01,18.75,0.6624137967736907
19,649,author,0.6120543945771455,0.125,0.019,6.578947368421053,0.38253399661071597
19,3610,author,0.769339391505843,0.0625,0.013,4.8076923076923075,0.2311716921592076
19,1931,author,0.7206483187784793,0.03125,0.011,2.8409090909090913,0.06397801125519172
19,1619,author,0.7069122315409458,0.03125,0.014,2.232142857142857,0.0493102840081575
19,2198,author,0.7069122315409458,0.03125,0.014,2.232142857142857,0.0493102840081575
18,106,sports,1.0,1.0,0.015625,64.0,5.0
18,1040,sports,1.0,1.0,0.015625,64.0,5.0
18,1080,sports,1.0,1.0,0.015625,64.0,5.0
18,1211,sports,1.0,1.0,0.015625,64.0,5.0
18,1239,sports,1.0,1.0,0.015625,64.0,5.0
18,1404,sports,1.0,1.0,0.015625,64.0,5.0
18,2322,sports,1.0,1.0,0.015625,64.0,5.0
18,2352,sports,1.0,1.0,0.015625,64.0,5.0
18,2397,sports,1.0,1.0,0.015625,64.0,5.0
18,2480,sports,1.0,1.0,0.015625,64.0,5.0
18,2738,sports,1.0,1.0,0.015625,64.0,5.0
18,2805,sports,1.0,1.0,0.015625,64.0,5.0
18,2842,sports,1.0,1.0,0.015625,64.0,5.0
18,2964,sports,1.0,1.0,0.015625,64.0,5.0
18,3008,sports,1.0,1.0,0.015625,64.0,5.0
18,3357,sports,1.0,1.0,0.015625,64.0,5.0
18,3388,sports,1.0,1.0,0.015625,64.0,5.0
18,3520,sports,1.0,1.0,0.015625,64.0,5.0
18,3654,sports,1.0,1.0,0.015625,64.0,5.0
18,15,sports,0.9471496610273692,1.0,0.03125,32.0,4.735748305136846
18,906,science,1.0,1.0,0.015625,64.0,5.0
18,1224,science,1.0,1.0,0.015625,64.0,5.0
18,2197,science,1.0,1.0,0.015625,64.0,5.0
18,2208,science,1.0,1.0,0.015625,64.0,5.0
18,2381,science,1.0,1.0,0.015625,64.0,5.0
18,2926,science,1.0,1.0,0.015625,64.0,5.0
18,184,science,0.9471496610273692,1.0,0.03125,32.0,4.735748305136846
18,704,science,0.9471496610273692,1.0,0.03125,32.0,4.735748305136846
18,845,science,0.9471496610273692,1.0,0.03125,32.0,4.735748305136846
18,866,science,0.9471496610273692,1.0,0.03125,32.0,4.735748305136846
18,1127,science,0.9471496610273692,1.0,0.03125,32.0,4.735748305136846
18,1446,science,0.9471496610273692,1.0,0.03125,32.0,4.735748305136846
18,1587,science,0.9471496610273692,1.0,0.03125,32.0,4.735748305136846
18,1633,science,0.9471496610273692,1.0,0.03125,32.0,4.735748305136846
18,2212,science,0.9471496610273692,1.0,0.03125,32.0,4.735748305136846
18,2939,science,0.9471496610273692,1.0,0.03125,32.0,4.735748305136846
18,2983,science,0.9471496610273692,1.0,0.03125,32.0,4.735748305136846
18,3045,science,0.9471496610273692,1.0,0.03125,32.0,4.735748305136846
18,3562,science,0.9471496610273692,1.0,0.03125,32.0,4.735748305136846
18,3928,science,0.9471496610273692,1.0,0.03125,32.0,4.735748305136846
18,3716,history,0.9344246866953521,0.75,0.0625,12.0,3.5040925751075704
18,987,history,1.0,0.5,0.03125,16.0,2.5
18,3265,history,1.0,0.5,0.03125,16.0,2.5
18,977,history,0.9121539514813669,0.5,0.046875,10.666666666666666,2.2803848787034173
18,1736,history,0.9121539514813669,0.5,0.046875,10.666666666666666,2.2803848787034173
18,1928,history,0.9121539514813669,0.5,0.046875,10.666666666666666,2.2803848787034173
18,2597,history,0.9121539514813669,0.5,0.046875,10.666666666666666,2.2803848787034173
18,749,history,0.8611601373239393,0.5,0.0625,8.0,2.152900343309848
18,1246,history,0.8244936675083361,0.5,0.078125,6.4,2.06123416877084
18,3750,history,0.8244936675083361,0.5,0.078125,6.4,2.06123416877084
18,1369,history,0.796747123700531,0.5,0.09375,5.333333333333333,1.9918678092513276
18,46,history,0.7167583260433561,0.5,0.0625,8.0,1.7918958151083904
18,1950,history,0.7167583260433561,0.5,0.0625,8.0,1.7918958151083904
18,1582,history,0.7752098822872361,0.5,0.109375,4.571428571428571,1.7719083023708253
18,2985,history,0.7752098822872361,0.5,0.109375,4.571428571428571,1.7719083023708253
18,83,history,0.6793318898005425,0.5,0.078125,6.4,1.6983297245013562
18,1352,history,0.6793318898005425,0.5,0.078125,6.4,1.6983297245013562
18,2009,history,0.6793318898005425,0.5,0.078125,6.4,1.6983297245013562
18,1085,history,0.6676052119584136,0.5,0.0625,8.0,1.669013029896034
18,3110,history,0.6540415073545454,0.5,0.0625,8.0,1.6351037683863634
18,951,geography,0.8244936675083361,1.0,0.140625,7.111111111111111,4.12246833754168
18,1516,geography,1.0,0.6666666666666666,0.03125,21.333333333333332,3.333333333333333
18,3418,geography,1.0,0.6666666666666666,0.03125,21.333333333333332,3.333333333333333
18,790,geography,0.9285029244931184,0.6666666666666666,0.046875,14.222222222222221,3.095009748310394
18,3297,geography,0.9285029244931184,0.6666666666666666,0.046875,14.222222222222221,3.095009748310394
18,2439,geography,0.8843106975379826,0.6666666666666666,0.0625,10.666666666666666,2.947702325126609
18,3910,geography,0.8244936675083362,0.6666666666666666,0.09375,7.111111111111111,2.748312225027787
18,2376,geography,0.7853214373495725,0.6666666666666666,0.125,5.333333333333333,2.6177381244985747
18,3950,geography,0.7853214373495725,0.6666666666666666,0.125,5.333333333333333,2.6177381244985747
18,318,geography,0.719493059559501,0.6666666666666666,0.078125,8.533333333333333,2.39831019853167
18,990,geography,0.6938895759044494,0.6666666666666666,0.09375,7.111111111111111,2.3129652530148315
18,1997,geography,0.6116729955404905,0.6666666666666666,0.125,5.333333333333333,2.038909985134968
18,320,geography,1.0,0.3333333333333333,0.015625,21.333333333333332,1.6666666666666665
18,358,geography,1.0,0.3333333333333333,0.015625,21.333333333333332,1.6666666666666665
18,465,geography,1.0,0.3333333333333333,0.015625,21.333333333333332,1.6666666666666665
18,587,geography,1.0,0.3333333333333333,0.015625,21.333333333333332,1.6666666666666665
18,760,geography,1.0,0.3333333333333333,0.015625,21.333333333333332,1.6666666666666665
18,928,geography,1.0,0.3333333333333333,0.015625,21.333333333333332,1.6666666666666665
18,1076,geography,1.0,0.3333333333333333,0.015625,21.333333333333332,1.6666666666666665
18,1208,geography,1.0,0.3333333333333333,0.015625,21.333333333333332,1.6666666666666665
18,3988,entertainment,0.8355409276095059,0.375,0.078125,4.8,1.5039736696971107
18,406,entertainment,1.0,0.25,0.03125,8.0,1.25
18,956,entertainment,1.0,0.25,0.03125,8.0,1.25
18,1471,entertainment,1.0,0.25,0.03125,8.0,1.25
18,1488,entertainment,1.0,0.25,0.03125,8.0,1.25
18,1918,entertainment,1.0,0.25,0.03125,8.0,1.25
18,2025,entertainment,1.0,0.25,0.03125,8.0,1.25
18,2386,entertainment,1.0,0.25,0.03125,8.0,1.25
18,2840,entertainment,1.0,0.25,0.03125,8.0,1.25
18,2912,entertainment,1.0,0.25,0.03125,8.0,1.25
18,3207,entertainment,1.0,0.25,0.03125,8.0,1.25
18,242,entertainment,0.8611601373239393,0.25,0.046875,5.333333333333333,1.076450171654924
18,315,entertainment,0.8611601373239393,0.25,0.046875,5.333333333333333,1.076450171654924
18,565,entertainment,0.8611601373239393,0.25,0.046875,5.333333333333333,1.076450171654924
18,610,entertainment,0.8611601373239393,0.25,0.046875,5.333333333333333,1.076450171654924
18,629,entertainment,0.8611601373239393,0.25,0.046875,5.333333333333333,1.076450171654924
18,655,entertainment,0.8611601373239393,0.25,0.046875,5.333333333333333,1.076450171654924
18,1030,entertainment,0.8611601373239393,0.25,0.046875,5.333333333333333,1.076450171654924
18,1049,entertainment,0.8611601373239393,0.25,0.046875,5.333333333333333,1.076450171654924
18,1741,entertainment,0.8611601373239393,0.25,0.046875,5.333333333333333,1.076450171654924
18,3699,definition,0.7853214373495725,1.0,0.1875,5.333333333333333,3.9266071867478622
18,3508,definition,1.0,0.6666666666666666,0.03125,21.333333333333332,3.333333333333333
18,1106,definition,0.635141487432371,1.0,0.09375,10.666666666666666,3.1757074371618548
18,2325,definition,0.9285029244931184,0.6666666666666666,0.046875,14.222222222222221,3.095009748310394
18,3222,definition,0.9285029244931184,0.6666666666666666,0.046875,14.222222222222221,3.095009748310394
18,3887,definition,0.9285029244931184,0.6666666666666666,0.046875,14.222222222222221,3.095009748310394
18,3169,definition,0.8843106975379826,0.6666666666666666,0.0625,10.666666666666666,2.947702325126609
18,2217,definition,0.803020287129553,0.6666666666666666,0.109375,6.095238095238095,2.676734290431843
18,3027,definition,0.803020287129553,0.6666666666666666,0.109375,6.095238095238095,2.676734290431843
18,2041,definition,0.7455240112140056,0.6666666666666666,0.046875,14.222222222222221,2.4850800373800186
18,386,definition,0.719493059559501,0.6666666666666666,0.078125,8.533333333333333,2.39831019853167
18,1575,definition,0.696362044029734,0.6666666666666666,0.0625,10.666666666666666,2.3212068134324464
18,573,definition,0.677989664582212,0.6666666666666666,0.0625,10.666666666666666,2.259965548607373
18,2634,definition,0.6738528945246645,0.6666666666666666,0.109375,6.095238095238095,2.2461763150822147
18,4079,definition,0.6738528945246645,0.6666666666666666,0.109375,6.095238095238095,2.2461763150822147
18,2020,definition,0.6663539755929653,0.6666666666666666,0.078125,8.533333333333333,2.2211799186432173
18,2407,definition,0.6663539755929653,0.6666666666666666,0.078125,8.533333333333333,2.2211799186432173
18,2907,definition,0.6663539755929653,0.6666666666666666,0.078125,8.533333333333333,2.2211799186432173
18,1727,definition,0.6498954934065984,0.6666666666666666,0.078125,8.533333333333333,2.1663183113553277
18,2466,definition,0.6437996307665177,0.6666666666666666,0.09375,7.111111111111111,2.1459987692217255
18,1732,dates_numbers,0.8144191666236144,0.75,0.125,6.0,3.0540718748385536
18,2295,dates_numbers,0.6887409886104571,0.75,0.078125,9.6,2.582778707289214
18,1993,dates_numbers,0.6748178543900825,0.75,0.140625,5.333333333333333,2.5305669539628095
18,186,dates_numbers,1.0,0.5,0.03125,16.0,2.5
18,1809,dates_numbers,1.0,0.5,0.03125,16.0,2.5
18,2141,dates_numbers,1.0,0.5,0.03125,16.0,2.5
18,2496,dates_numbers,1.0,0.5,0.03125,16.0,2.5
18,3452,dates_numbers,1.0,0.5,0.03125,16.0,2.5
18,201,dates_numbers,0.9121539514813669,0.5,0.046875,10.666666666666666,2.2803848787034173
18,895,dates_numbers,0.9121539514813669,0.5,0.046875,10.666666666666666,2.2803848787034173
18,945,dates_numbers,0.9121539514813669,0.5,0.046875,10.666666666666666,2.2803848787034173
18,1474,dates_numbers,0.9121539514813669,0.5,0.046875,10.666666666666666,2.2803848787034173
18,1589,dates_numbers,0.9121539514813669,0.5,0.046875,10.666666666666666,2.2803848787034173
18,1593,dates_numbers,0.9121539514813669,0.5,0.046875,10.666666666666666,2.2803848787034173
18,2485,dates_numbers,0.9121539514813669,0.5,0.046875,10.666666666666666,2.2803848787034173
18,2629,dates_numbers,0.9121539514813669,0.5,0.046875,10.666666666666666,2.2803848787034173
18,3151,dates_numbers,0.9121539514813669,0.5,0.046875,10.666666666666666,2.2803848787034173
18,3954,dates_numbers,0.9121539514813669,0.5,0.046875,10.666666666666666,2.2803848787034173
18,1678,dates_numbers,0.8611601373239393,0.5,0.0625,8.0,2.152900343309848
18,3785,dates_numbers,0.8611601373239393,0.5,0.0625,8.0,2.152900343309848
18,2624,biography,0.8611601373239393,1.0,0.09375,10.666666666666666,4.305800686619696
18,684,biography,0.7327499014891736,1.0,0.109375,9.142857142857142,3.663749507445868
18,3286,biography,0.6722311043544017,1.0,0.0625,16.0,3.3611555217720084
18,33,biography,1.0,0.5,0.015625,32.0,2.5
18,357,biography,1.0,0.5,0.015625,32.0,2.5
18,695,biography,1.0,0.5,0.015625,32.0,2.5
18,1195,biography,1.0,0.5,0.015625,32.0,2.5
18,1932,biography,1.0,0.5,0.015625,32.0,2.5
18,1978,biography,1.0,0.5,0.015625,32.0,2.5
18,2909,biography,1.0,0.5,0.015625,32.0,2.5
18,3156,biography,1.0,0.5,0.015625,32.0,2.5
18,3375,biography,1.0,0.5,0.015625,32.0,2.5
18,3694,biography,1.0,0.5,0.015625,32.0,2.5
18,4082,biography,1.0,0.5,0.015625,32.0,2.5
18,71,biography,0.9121539514813669,0.5,0.03125,16.0,2.2803848787034173
18,197,biography,0.9121539514813669,0.5,0.03125,16.0,2.2803848787034173
18,604,biography,0.9121539514813669,0.5,0.03125,16.0,2.2803848787034173
18,763,biography,0.9121539514813669,0.5,0.03125,16.0,2.2803848787034173
18,1292,biography,0.9121539514813669,0.5,0.03125,16.0,2.2803848787034173
18,1429,biography,0.9121539514813669,0.5,0.03125,16.0,2.2803848787034173
18,155,author,1.0,1.0,0.015625,64.0,5.0
18,272,author,1.0,1.0,0.015625,64.0,5.0
18,1132,author,1.0,1.0,0.015625,64.0,5.0
18,1734,author,1.0,1.0,0.015625,64.0,5.0
18,1983,author,1.0,1.0,0.015625,64.0,5.0
18,2080,author,1.0,1.0,0.015625,64.0,5.0
18,2084,author,1.0,1.0,0.015625,64.0,5.0
18,2174,author,1.0,1.0,0.015625,64.0,5.0
18,2684,author,1.0,1.0,0.015625,64.0,5.0
18,2891,author,1.0,1.0,0.015625,64.0,5.0
18,3989,author,1.0,1.0,0.015625,64.0,5.0
18,4011,author,1.0,1.0,0.015625,64.0,5.0
18,302,author,0.9471496610273692,1.0,0.03125,32.0,4.735748305136846
18,969,author,0.9471496610273692,1.0,0.03125,32.0,4.735748305136846
18,992,author,0.9471496610273692,1.0,0.03125,32.0,4.735748305136846
18,1053,author,0.9471496610273692,1.0,0.03125,32.0,4.735748305136846
18,1151,author,0.9471496610273692,1.0,0.03125,32.0,4.735748305136846
18,1342,author,0.9471496610273692,1.0,0.03125,32.0,4.735748305136846
18,1652,author,0.9471496610273692,1.0,0.03125,32.0,4.735748305136846
18,1779,author,0.9471496610273692,1.0,0.03125,32.0,4.735748305136846
