layer,neuron_id,doc_token_id,doc_token_str,title,freq,freq_frac,score_mean,score_max
18,15,40945,@DOC_ID_-6343875994683912569@,,52,0.02,594.7248041079595,2412.01220703125
18,15,36846,@DOC_ID_-7509184638142626346@,,52,0.02,557.6630696883568,2261.70166015625
18,15,35026,@DOC_ID_-6261352554214387228@,,52,0.02,548.9740543365479,2226.4619140625
18,15,36059,@DOC_ID_-4040814077881947126@,,52,0.02,541.4870865161603,2196.09716796875
18,15,35443,@DOC_ID_7201285525278025765@,,52,0.02,541.0911061213567,2194.4912109375
18,15,35468,@DOC_ID_7974677756970110674@,,52,0.02,513.972719009106,2084.5078125
18,15,34382,@DOC_ID_3395715140984844186@,,52,0.02,512.887725169842,2080.107421875
18,15,37080,@DOC_ID_256711913976192195@,,52,0.02,505.9183221230141,2051.84130859375
18,15,36871,@DOC_ID_-6489556293384568307@,,52,0.02,505.7166783993061,2051.0234375
18,15,35570,@DOC_ID_-2084544577328397891@,,52,0.02,504.7489697016202,2047.098876953125
18,33,40767,@DOC_ID_7756227667165778451@,,40,0.02,257.6093133971096,1075.406494140625
18,33,32642,@DOC_ID_4325358840638304903@,,40,0.02,251.31624755263329,1049.1357421875
18,33,37242,@DOC_ID_-6414775394529672277@,,40,0.02,250.01619585454463,1043.7086181640625
18,33,34692,@DOC_ID_-3711806224285134432@,,40,0.02,246.2192881003022,1027.858154296875
18,33,41979,@DOC_ID_6941993254369956277@,,40,0.02,244.0527982145548,1018.81396484375
18,33,38265,@DOC_ID_7722241709255802397@,,40,0.02,242.28859722614288,1011.44921875
18,33,38875,@DOC_ID_4695540247090454380@,,40,0.02,236.00710200220345,985.2269897460938
18,33,38289,@DOC_ID_-614456587771845703@,,40,0.02,234.8882232889533,980.5557250976562
18,33,32241,@DOC_ID_-9183439592305576664@,,40,0.02,233.77498294115065,975.90869140625
18,33,38493,@DOC_ID_-754558473874982087@,,40,0.02,224.4723115324974,937.0740356445312
18,46,35024,@DOC_ID_-8718273221035431656@,,95,0.02,682.3184862990129,2402.8466796875
18,46,32493,@DOC_ID_-1850291667242493969@,,95,0.02,666.0760387772008,2345.647705078125
18,46,37418,@DOC_ID_-206602854363577406@,,95,0.02,614.4895907100878,2163.981201171875
18,46,32912,@DOC_ID_6994443654527479723@,,95,0.02,609.5800544337222,2146.69140625
18,46,38994,@DOC_ID_-3074090363734262017@,,95,0.02,602.4116094714717,2121.44775390625
18,46,32472,@DOC_ID_-2800355150477501094@,,95,0.02,593.2689068242123,2089.25048828125
18,46,40171,@DOC_ID_2238825424920197368@,,95,0.02,572.1693765991613,2014.9466552734373
18,46,40536,@DOC_ID_-826079926854927265@,,95,0.02,570.0989925409618,2007.655517578125
18,46,41332,@DOC_ID_-704529031648349308@,,95,0.02,567.043608364306,1996.895751953125
18,46,39036,@DOC_ID_-414112163462285612@,,95,0.02,551.5048876185166,1942.1748046875
18,71,39361,@DOC_ID_-978476110612276046@,,83,0.02,601.9954784462251,1986.937744140625
18,71,40314,@DOC_ID_7397542791834822732@,,83,0.02,601.7895195512887,1986.2578125
18,71,38377,@DOC_ID_6318877116879030123@,,83,0.02,597.8307632423309,1973.191650390625
18,71,32782,@DOC_ID_-5860581101195960807@,,83,0.02,583.9220652580261,1927.2847900390625
18,71,39573,@DOC_ID_-6335912183321793595@,,83,0.02,574.841351457389,1897.313232421875
18,71,39781,@DOC_ID_2721456237114415335@,,83,0.02,561.5949819978462,1853.5924072265625
18,71,38950,@DOC_ID_462301322383453067@,,83,0.02,556.7467828313988,1837.5904541015625
18,71,39635,@DOC_ID_8286361507933260301@,,83,0.02,555.7688873991909,1834.363037109375
18,71,37438,@DOC_ID_5357356879798689862@,,83,0.02,552.2567325844822,1822.77099609375
18,71,36702,@DOC_ID_-2058561318766576724@,,83,0.02,545.3864878459149,1800.0947265625
18,83,32121,@DOC_ID_2410183720845572781@,,91,0.02,3438.252833858951,12819.828125
18,83,32116,@DOC_ID_3600692813210463538@,,91,0.02,3412.9026549412656,12725.306640625
18,83,32106,@DOC_ID_6035361184366570886@,,91,0.02,3404.0786917340624,12692.40625
18,83,32108,@DOC_ID_7402252165412431758@,,91,0.02,3366.7569346585115,12553.248046875
18,83,32112,@DOC_ID_4914981770483543061@,,91,0.02,3311.953863500238,12348.908203125
18,83,32110,@DOC_ID_-3471796156323863710@,,91,0.02,3295.403724565611,12287.2021484375
18,83,32122,@DOC_ID_8148266614370990423@,,91,0.02,3292.207436069028,12275.28515625
18,83,32120,@DOC_ID_-1374932068194623395@,,91,0.02,3273.1707506703806,12204.302734375
18,83,32114,@DOC_ID_1551018314916421217@,,91,0.02,3245.134904421293,12099.76953125
18,83,32111,@DOC_ID_6070333273965940514@,,91,0.02,3223.064811538864,12017.48046875
18,106,32124,@DOC_ID_-7272129313675735420@,,11,0.02,1650.728633533825,5354.197265625
18,106,32108,@DOC_ID_7402252165412431758@,,11,0.02,1650.5119323730469,5353.49560546875
18,106,32122,@DOC_ID_8148266614370990423@,,11,0.02,1628.27397294478,5281.36376953125
18,106,32126,@DOC_ID_-8201001537442035511@,,11,0.02,1619.6785569624467,5253.4853515625
18,106,32106,@DOC_ID_6035361184366570886@,,11,0.02,1616.1888261274858,5242.1689453125
18,106,32109,@DOC_ID_-2644154875949523750@,,11,0.02,1579.7747830477629,5124.0576171875
18,106,32100,@DOC_ID_-2081335883615568321@,,11,0.02,1576.6156005859375,5113.80810546875
18,106,32116,@DOC_ID_3600692813210463538@,,11,0.02,1568.5013899369674,5087.4912109375
18,106,32105,@DOC_ID_6328671855929848793@,,11,0.02,1564.0877324884589,5073.17578125
18,106,32121,@DOC_ID_2410183720845572781@,,11,0.02,1562.7734652432528,5068.90966796875
18,155,38736,@DOC_ID_-9100785743410363726@,,48,0.02,984.2911222577096,3803.0
18,155,41343,@DOC_ID_-5242214421933718346@,,48,0.02,900.811291406552,3480.459716796875
18,155,36733,@DOC_ID_7422138256586783478@,,48,0.02,854.6738979419073,3302.197998046875
18,155,37921,@DOC_ID_-6422109722279490603@,,48,0.02,850.7134565114975,3286.896484375
18,155,37579,@DOC_ID_8080928516369535964@,,48,0.02,797.9745891094208,3083.129638671875
18,155,39654,@DOC_ID_2746499679246690827@,,48,0.02,787.2766233185927,3041.79638671875
18,155,37051,@DOC_ID_-5589446597422303099@,,48,0.02,764.8931130468845,2955.312744140625
18,155,36926,@DOC_ID_-1966282038243812778@,,48,0.02,744.0797926386198,2874.896484375
18,155,34369,@DOC_ID_7155463733142787906@,,48,0.02,730.4741247097651,2822.328857421875
18,155,33604,@DOC_ID_3241293540304774739@,,48,0.02,726.629989763101,2807.475830078125
18,184,40226,@DOC_ID_4647661495893630914@,,61,0.02,362.6716576247919,1309.3865966796875
18,184,33275,@DOC_ID_8063539836940148474@,,61,0.02,331.35306555325866,1196.3143310546875
18,184,32917,@DOC_ID_2547079685495804053@,,61,0.02,326.4234257213405,1178.516357421875
18,184,40662,@DOC_ID_-2861251994173843450@,,61,0.02,318.03522322607824,1148.2315673828125
18,184,39582,@DOC_ID_2804911444230559480@,,61,0.02,308.45848020960074,1113.656005859375
18,184,32722,@DOC_ID_-4817094039918379014@,,61,0.02,302.3349150047928,1091.5474853515625
18,184,42099,@DOC_ID_-5559443388832069073@,,61,0.02,301.68445954557325,1089.198974609375
18,184,40648,@DOC_ID_2386881544920862248@,,61,0.02,299.1952969754328,1080.212158203125
18,184,40277,@DOC_ID_8852593536762804993@,,61,0.02,283.78767817137674,1024.5845947265625
18,184,32520,@DOC_ID_4164576511111867648@,,61,0.02,282.03990598584784,1018.2745361328124
18,186,33551,@DOC_ID_-4074737828490539870@,,70,0.02,266.5915334701538,987.7005615234376
18,186,35951,@DOC_ID_5273406018593685256@,,70,0.02,262.42853796822686,972.2769775390624
18,186,41709,@DOC_ID_-8209058272420680202@,,70,0.02,262.1722816876003,971.3275146484376
18,186,36754,@DOC_ID_-6263976998977772429@,,70,0.02,255.22648463930403,945.5939331054688
18,186,40683,@DOC_ID_-2656167645085991516@,,70,0.02,246.42263261250088,912.9763793945312
18,186,35910,@DOC_ID_-8116514778565856100@,,70,0.02,245.349761063712,909.00146484375
18,186,32141,@DOC_ID_7946313281660231533@,,70,0.02,244.9457758494786,907.5047607421876
18,186,41499,@DOC_ID_5929495017515283118@,,70,0.02,242.84901609420777,899.7363891601562
18,186,40030,@DOC_ID_1765488711371624057@,,70,0.02,241.1088120869228,893.2889404296875
18,186,37940,@DOC_ID_-8708394012062974929@,,70,0.02,233.5798733983721,865.39501953125
18,197,35162,@DOC_ID_-8293796727478516086@,,86,0.02,816.9661814057549,6815.6572265625
18,197,42078,@DOC_ID_3541521046214872121@,,86,0.02,754.7132461625476,6296.302734375
18,197,35011,@DOC_ID_1722677490529528911@,,86,0.02,749.2429340135219,6250.6669921875
18,197,41890,@DOC_ID_-4619624814603934339@,,86,0.02,720.8204367105351,6013.54736328125
18,197,37782,@DOC_ID_-5944236923113570898@,,86,0.02,671.8308321126672,5604.845703125
18,197,40774,@DOC_ID_6507459087595991641@,,86,0.02,665.177136648533,5549.3349609375
18,197,41472,@DOC_ID_2982601324330300938@,,86,0.02,647.8732585324798,5404.974609375
18,197,38772,@DOC_ID_7051206909061396684@,,86,0.02,615.8101273303809,5137.48388671875
18,197,36386,@DOC_ID_-3868021239206013645@,,86,0.02,615.0964376926422,5131.5302734375
18,197,37633,@DOC_ID_8240661132203400446@,,86,0.02,607.7886184980703,5070.5625
19,80,41623,@DOC_ID_-6539570811594767036@,,24,0.02,568.8766395250956,1848.006103515625
19,80,34023,@DOC_ID_8888436034864340166@,,24,0.02,508.97536094983417,1653.4156494140625
19,80,33417,@DOC_ID_168110917124101961@,,24,0.02,501.72989869117737,1629.8785400390625
19,80,41003,@DOC_ID_-3727464789106783823@,,24,0.02,492.30281043052673,1599.2547607421875
19,80,36764,@DOC_ID_-7544675653109682850@,,24,0.02,491.12919123967487,1595.4422607421875
19,80,41507,@DOC_ID_7990611755301106830@,,24,0.02,490.491082350413,1593.369140625
19,80,42022,@DOC_ID_-2209447596927875442@,,24,0.02,489.9645493825277,1591.6585693359375
19,80,37491,@DOC_ID_5440422781861317008@,,24,0.02,489.82596532503766,1591.208740234375
19,80,33012,@DOC_ID_4604295166962371908@,,24,0.02,488.0109609762828,1585.31201171875
19,80,38576,@DOC_ID_-3248060843582998723@,,24,0.02,484.82883326212567,1574.9755859375
19,99,34175,@DOC_ID_-4080139508154612346@,,16,0.02,918.0192863941191,2036.2291259765625
19,99,40095,@DOC_ID_8135242698582313469@,,16,0.02,821.5045683383942,1822.152587890625
19,99,39900,@DOC_ID_1018344720410562580@,,16,0.02,779.8169205188751,1729.6866455078125
19,99,35539,@DOC_ID_8021906415571483632@,,16,0.02,714.497415304184,1584.8037109375
19,99,40113,@DOC_ID_-2680244887428298888@,,16,0.02,714.1173115968704,1583.96044921875
19,99,35507,@DOC_ID_-5724132660475069715@,,16,0.02,697.1769362688065,1546.3857421875
19,99,40144,@DOC_ID_-2418032234376469176@,,16,0.02,696.576497554779,1545.053955078125
19,99,41943,@DOC_ID_-4272238140703789131@,,16,0.02,676.5888880491257,1500.7197265625
19,99,37030,@DOC_ID_-932948027200608116@,,16,0.02,671.6469483375549,1489.7584228515625
19,99,33553,@DOC_ID_-1301734827449700840@,,16,0.02,670.6959385871887,1487.64892578125
19,465,32102,@DOC_ID_3180949643664273199@,,58,0.02,3490.847624285468,15912.4267578125
19,465,32127,@DOC_ID_4385255127522661901@,,58,0.02,3468.1774457734205,15809.08984375
19,465,32115,@DOC_ID_-3191475148767158893@,,58,0.02,3459.120059572417,15767.802734375
19,465,32104,@DOC_ID_3369959950731134123@,,58,0.02,3427.6145385216023,15624.19140625
19,465,32100,@DOC_ID_-2081335883615568321@,,58,0.02,3388.757641233247,15447.06640625
19,465,32125,@DOC_ID_-5953092230358570947@,,58,0.02,3368.7878996750405,15356.0419921875
19,465,32107,@DOC_ID_138352781929936545@,,58,0.02,3357.350373235242,15303.9072265625
19,465,32126,@DOC_ID_-8201001537442035511@,,58,0.02,3295.9391687327416,15023.96875
19,465,32112,@DOC_ID_4914981770483543061@,,58,0.02,3275.074661254883,14928.86328125
19,465,32123,@DOC_ID_8528128027644832489@,,58,0.02,3236.518569814748,14753.1103515625
19,543,37100,@DOC_ID_5940180111677226658@,,33,0.02,562.9359823862711,1624.2392578125
19,543,37627,@DOC_ID_-1749469099576956248@,,33,0.02,532.5591226635557,1536.593017578125
19,543,34757,@DOC_ID_8656974779049123925@,,33,0.02,531.0128973758582,1532.131591796875
19,543,35853,@DOC_ID_496228964666805465@,,33,0.02,530.8974329630533,1531.798583984375
19,543,40899,@DOC_ID_8711835034449877304@,,33,0.02,520.1933062582305,1500.9141845703125
19,543,33091,@DOC_ID_-3583458781830341718@,,33,0.02,508.2819865833629,1466.54638671875
19,543,34102,@DOC_ID_7355982969112860269@,,33,0.02,503.9256720109419,1453.97705078125
19,543,32748,@DOC_ID_3095835464716213076@,,33,0.02,497.4906489054362,1435.409912109375
19,543,34967,@DOC_ID_6502574670418349749@,,33,0.02,493.8268038431804,1424.8385009765625
19,543,33218,@DOC_ID_-3836651821770232587@,,33,0.02,492.7192197857481,1421.6429443359375
19,649,32117,@DOC_ID_-4636347768352449438@,,28,0.02,1549.9183603525162,6892.978515625
19,649,32112,@DOC_ID_4914981770483543061@,,28,0.02,1516.3280934946877,6743.5927734375
19,649,32122,@DOC_ID_8148266614370990423@,,28,0.02,1389.4967991880008,6179.5341796875
19,649,32101,@DOC_ID_-3952149172515325408@,,28,0.02,1350.9005986111504,6007.8896484375
19,649,32100,@DOC_ID_-2081335883615568321@,,28,0.02,1327.2350504568644,5902.6376953125
19,649,33622,@DOC_ID_-1904574626866524954@,,28,0.02,1321.7218302403178,5878.1171875
19,649,32106,@DOC_ID_6035361184366570886@,,28,0.02,1319.5214624745506,5868.326171875
19,649,32116,@DOC_ID_3600692813210463538@,,28,0.02,1300.93947156838,5785.6923828125
19,649,40193,@DOC_ID_-2040762149245803825@,,28,0.02,1265.1920008574214,5626.7109375
19,649,36806,@DOC_ID_6232014570552955107@,,28,0.02,1252.0745632648468,5568.3740234375
19,1214,36920,@DOC_ID_1259337169584882951@,,35,0.02,298.4218480518886,1260.9351806640625
19,1214,38110,@DOC_ID_1109545591665568775@,,35,0.02,288.33065120152065,1218.296142578125
19,1214,34527,@DOC_ID_5415920577689218790@,,35,0.02,275.134924534389,1162.539794921875
19,1214,40656,@DOC_ID_-6485901795726895427@,,35,0.02,273.4520659310477,1155.42919921875
19,1214,36567,@DOC_ID_3619735635284380725@,,35,0.02,262.47931605747766,1109.0655517578125
19,1214,34398,@DOC_ID_-627511857840671795@,,35,0.02,259.4505756105696,1096.26806640625
19,1214,40386,@DOC_ID_-1877826628211922382@,,35,0.02,259.0673241479056,1094.648681640625
19,1214,39693,@DOC_ID_2187572076226801751@,,35,0.02,258.0628038951329,1090.404052734375
19,1214,40673,@DOC_ID_-7525814017949926060@,,35,0.02,245.86986857822964,1038.884765625
19,1214,39748,@DOC_ID_2144337290242333445@,,35,0.02,244.8250102724348,1034.4698486328125
19,1302,42030,@DOC_ID_3580898920021122041@,,22,0.02,898.2285819270394,2658.7216796875
19,1302,36403,@DOC_ID_3832922268520202094@,,22,0.02,775.8881137696179,2296.5986328125
19,1302,41677,@DOC_ID_4803496358803173969@,,22,0.02,772.7248540466481,2287.235595703125
19,1302,38772,@DOC_ID_7051206909061396684@,,22,0.02,766.9987711093643,2270.28662109375
19,1302,38223,@DOC_ID_7066605420879836140@,,22,0.02,676.2845755707134,2001.7760009765625
19,1302,40448,@DOC_ID_-4324335588182291643@,,22,0.02,674.5090309164741,1996.520263671875
19,1302,38376,@DOC_ID_-3952933855881944495@,,22,0.02,671.9296058958226,1988.885498046875
19,1302,41594,@DOC_ID_-521349963474269802@,,22,0.02,654.1830014640635,1936.35595703125
19,1302,37705,@DOC_ID_7269850370225892442@,,22,0.02,638.5897489569404,1890.200439453125
19,1302,34533,@DOC_ID_4271494415908147480@,,22,0.02,623.1155297972939,1844.397705078125
19,1444,40575,@DOC_ID_-5542027230461232052@,,30,0.02,382.9195116678874,1199.1153564453125
19,1444,37882,@DOC_ID_-7378761712236339242@,,30,0.02,347.0507469177246,1086.7919921875
19,1444,36563,@DOC_ID_1601119409973976969@,,30,0.02,336.46836853027344,1053.6533203125
19,1444,40972,@DOC_ID_2632565114286235954@,,30,0.02,336.1968056360881,1052.8028564453125
19,1444,34231,@DOC_ID_6091754384441909073@,,30,0.02,325.6319223403931,1019.71875
19,1444,41771,@DOC_ID_-2701654907771586799@,,30,0.02,325.3400639851888,1018.804931640625
19,1444,37277,@DOC_ID_-5172238125043521711@,,30,0.02,315.8706999460856,989.151611328125
19,1444,34933,@DOC_ID_9033086140338741994@,,30,0.02,314.0994446436564,983.6048583984376
19,1444,40438,@DOC_ID_-8579271792005383992@,,30,0.02,308.8457536061605,967.1528930664062
19,1444,37423,@DOC_ID_-4169571883868282955@,,30,0.02,308.19188652038576,965.105224609375
19,1478,33514,@DOC_ID_-7417373801725250240@,,45,0.02,783.057868470086,4016.80859375
19,1478,36350,@DOC_ID_-1807785947687327675@,,45,0.02,708.5122633404202,3634.41650390625
19,1478,34576,@DOC_ID_2256948176435923231@,,45,0.02,691.0662237167359,3544.924560546875
19,1478,32488,@DOC_ID_8708973669620784701@,,45,0.02,664.9012988196479,3410.70751953125
19,1478,33378,@DOC_ID_-5169502051538206950@,,45,0.02,623.7039156277974,3199.379638671875
19,1478,39916,@DOC_ID_-2038172886124748018@,,45,0.02,593.886315366957,3046.42626953125
19,1478,35756,@DOC_ID_3577041423714873296@,,45,0.02,568.2898631095886,2915.125
19,1478,37282,@DOC_ID_3143629507119810067@,,45,0.02,567.5689569473267,2911.4267578125
19,1478,34261,@DOC_ID_-7230881491063309976@,,45,0.02,566.5170141855875,2906.03125
19,1478,35911,@DOC_ID_7711908062445720226@,,45,0.02,560.2845863342285,2874.06103515625
19,1619,41114,@DOC_ID_-143491351437702301@,,22,0.02,843.6999942606145,3426.82275390625
19,1619,36435,@DOC_ID_-8825821449306976992@,,22,0.02,688.2140615636653,2795.2919921875
19,1619,41469,@DOC_ID_-7465887155027472636@,,22,0.02,666.6075775840065,2707.533447265625
19,1619,39690,@DOC_ID_7067952500797610888@,,22,0.02,640.8923108360984,2603.086669921875
19,1619,39046,@DOC_ID_-615096397865658804@,,22,0.02,595.8504902232777,2420.141845703125
19,1619,32947,@DOC_ID_-8601123565648655335@,,22,0.02,595.4603049538352,2418.557373046875
19,1619,33989,@DOC_ID_1854737663115827970@,,22,0.02,595.157577124509,2417.327880859375
19,1619,39994,@DOC_ID_4890320554433643097@,,22,0.02,595.1053310741078,2417.115478515625
19,1619,38944,@DOC_ID_7263783199306683116@,,22,0.02,594.0271489836953,2412.736572265625
19,1619,37001,@DOC_ID_-8282424724449744551@,,22,0.02,588.8103736097163,2391.54736328125
20,3,41701,@DOC_ID_7054790124152837084@,,33,0.02,448.91796188643485,1326.3829345703125
20,3,41700,@DOC_ID_-4214921462173737741@,,33,0.02,428.98167936729664,1267.478515625
20,3,40633,@DOC_ID_-3315228605682494110@,,33,0.02,425.4217024571968,1256.9600830078125
20,3,36521,@DOC_ID_-2165624909964423715@,,33,0.02,416.3564802083102,1230.1759033203125
20,3,38437,@DOC_ID_-8731382537460056597@,,33,0.02,396.3543140815966,1171.076904296875
20,3,35401,@DOC_ID_2797306062805690786@,,33,0.02,345.5272408543211,1020.9024658203124
20,3,32139,@DOC_ID_1493577992086304388@,,33,0.02,344.24117430773646,1017.1024169921876
20,3,37656,@DOC_ID_-6018504279414944165@,,33,0.02,343.0795085935882,1013.670166015625
20,3,39421,@DOC_ID_-3602452961274589228@,,33,0.02,331.9291149630691,980.724853515625
20,3,37340,@DOC_ID_9172690820315618866@,,33,0.02,331.00497817993164,977.99462890625
20,33,40607,@DOC_ID_4419839381993073608@,,35,0.02,815.7613638196673,2490.3125
20,33,33258,@DOC_ID_-4925204002412141443@,,35,0.02,743.0467378888811,2268.333251953125
20,33,37482,@DOC_ID_8265151018889223879@,,35,0.02,686.2678116389683,2095.001220703125
20,33,33020,@DOC_ID_4451856973186223301@,,35,0.02,684.0016981397356,2088.08349609375
20,33,41632,@DOC_ID_-1107672282215619263@,,35,0.02,647.4619577952793,1976.5367431640625
20,33,36168,@DOC_ID_-3807685139236107114@,,35,0.02,613.2591752188546,1872.1246337890625
20,33,41246,@DOC_ID_-6928130933034416445@,,35,0.02,609.7837481907436,1861.5147705078125
20,33,38520,@DOC_ID_-823999706008949156@,,35,0.02,608.0718231746129,1856.2889404296875
20,33,35148,@DOC_ID_635271498202631485@,,35,0.02,607.8724412645612,1855.680419921875
20,33,37059,@DOC_ID_6228047120355756865@,,35,0.02,596.4138217381069,1820.699951171875
20,130,38482,@DOC_ID_-5046739968360407324@,,28,0.02,595.3446371895926,2045.8538818359373
20,130,32525,@DOC_ID_-692090307038638936@,,28,0.02,549.3442257472446,1887.7774658203125
20,130,40819,@DOC_ID_-9044766538067253255@,,28,0.02,481.4201575687953,1654.3616943359375
20,130,34561,@DOC_ID_-6815242399554313092@,,28,0.02,481.3554453168596,1654.13916015625
20,130,37962,@DOC_ID_-9134314894725525642@,,28,0.02,449.02772671835766,1543.047607421875
20,130,35732,@DOC_ID_8934315254162668784@,,28,0.02,449.0150996616909,1543.0042724609375
20,130,37130,@DOC_ID_-3193061963355543684@,,28,0.02,425.12955788203647,1460.92333984375
20,130,38974,@DOC_ID_-5545277729110495844@,,28,0.02,425.08803272247314,1460.7811279296875
20,130,39370,@DOC_ID_-5241341635015548736@,,28,0.02,421.743535723005,1449.2877197265625
20,130,39614,@DOC_ID_1626139656180613754@,,28,0.02,414.1234121322632,1423.1015625
20,684,32103,@DOC_ID_5450119816198102820@,,33,0.02,1852.0861599084103,6782.501953125
20,684,32110,@DOC_ID_-3471796156323863710@,,33,0.02,1593.8786224596429,5836.92236328125
20,684,32101,@DOC_ID_-3952149172515325408@,,33,0.02,1592.2902930288603,5831.1044921875
20,684,32120,@DOC_ID_-1374932068194623395@,,33,0.02,1489.3813543608694,5454.2421875
20,684,32117,@DOC_ID_-4636347768352449438@,,33,0.02,1469.7614155393658,5382.3955078125
20,684,32108,@DOC_ID_7402252165412431758@,,33,0.02,1401.5512570467863,5132.60205078125
20,684,32111,@DOC_ID_6070333273965940514@,,33,0.02,1360.3115895589192,4981.580078125
20,684,32113,@DOC_ID_-6610224977170980268@,,33,0.02,1334.1100486986566,4885.6259765625
20,684,32104,@DOC_ID_3369959950731134123@,,33,0.02,1285.5612278562603,4707.8359375
20,684,32118,@DOC_ID_-2509309753176255993@,,33,0.02,1252.0160547314267,4584.99072265625
20,808,32593,@DOC_ID_43026808902405486@,,26,0.02,1055.7531227698694,3360.74609375
20,808,34016,@DOC_ID_462800457331086171@,,26,0.02,983.1886991354136,3129.75390625
20,808,33230,@DOC_ID_-9186970961698860450@,,26,0.02,935.7228899735672,2978.6572265625
20,808,32600,@DOC_ID_-3144629028464681031@,,26,0.02,921.3009687570424,2932.74853515625
20,808,37139,@DOC_ID_-5486158957950754842@,,26,0.02,876.1727291987493,2789.09326171875
20,808,39464,@DOC_ID_1481899277986677704@,,26,0.02,863.6427662189191,2749.20703125
20,808,32669,@DOC_ID_-1080627296028954860@,,26,0.02,858.2588038811317,2732.068115234375
20,808,37647,@DOC_ID_5109424049232374682@,,26,0.02,848.0888878748967,2699.694580078125
20,808,38048,@DOC_ID_172646369566290154@,,26,0.02,833.6534777421218,2653.7431640625
20,808,37353,@DOC_ID_4692796139067776701@,,26,0.02,809.401415164654,2576.5419921875
20,819,32114,@DOC_ID_1551018314916421217@,,32,0.02,3969.5380680561066,16865.423828125
20,819,32115,@DOC_ID_-3191475148767158893@,,32,0.02,3968.5674365758896,16861.30078125
20,819,32111,@DOC_ID_6070333273965940514@,,32,0.02,3964.895244240761,16845.6953125
20,819,32103,@DOC_ID_5450119816198102820@,,32,0.02,3889.347940802574,16524.716796875
20,819,32127,@DOC_ID_4385255127522661901@,,32,0.02,3886.7194727659225,16513.55078125
20,819,32106,@DOC_ID_6035361184366570886@,,32,0.02,3852.13433110714,16366.6083984375
20,819,32107,@DOC_ID_138352781929936545@,,32,0.02,3825.715586423874,16254.359375
20,819,32121,@DOC_ID_2410183720845572781@,,32,0.02,3820.440728068352,16231.953125
20,819,32116,@DOC_ID_3600692813210463538@,,32,0.02,3758.395246148109,15968.3359375
20,819,32101,@DOC_ID_-3952149172515325408@,,32,0.02,3756.596392273903,15960.693359375
20,834,32104,@DOC_ID_3369959950731134123@,,22,0.02,4338.957932385531,10729.986328125
20,834,32127,@DOC_ID_4385255127522661901@,,22,0.02,4275.471843372692,10572.990234375
20,834,32117,@DOC_ID_-4636347768352449438@,,22,0.02,4255.541730360551,10523.705078125
20,834,32120,@DOC_ID_-1374932068194623395@,,22,0.02,4233.050667502664,10468.0830078125
20,834,32121,@DOC_ID_2410183720845572781@,,22,0.02,4218.829446272416,10432.916015625
20,834,32105,@DOC_ID_6328671855929848793@,,22,0.02,4203.30084401911,10394.513671875
20,834,32112,@DOC_ID_4914981770483543061@,,22,0.02,4188.437435670333,10357.759765625
20,834,32102,@DOC_ID_3180949643664273199@,,22,0.02,4150.236671100964,10263.2900390625
20,834,32125,@DOC_ID_-5953092230358570947@,,22,0.02,4134.680488933216,10224.8193359375
20,834,32108,@DOC_ID_7402252165412431758@,,22,0.02,4134.58882557262,10224.5947265625
20,884,38400,@DOC_ID_1614516379480266479@,,27,0.02,1070.1186376501012,3674.802734375
20,884,35088,@DOC_ID_1351422764628921103@,,27,0.02,1019.9911227756076,3502.663818359375
20,884,34332,@DOC_ID_4282788463722495792@,,27,0.02,1005.6693934687862,3453.48291015625
20,884,40550,@DOC_ID_4111832413661656986@,,27,0.02,982.1258364076969,3372.63427734375
20,884,33288,@DOC_ID_1186594621938595244@,,27,0.02,947.9064356486002,3255.124267578125
20,884,41478,@DOC_ID_-2615709236990333512@,,27,0.02,905.9111862182616,3110.912109375
20,884,41533,@DOC_ID_7530725481366555240@,,27,0.02,895.5259385285555,3075.24853515625
20,884,40520,@DOC_ID_24224390922062302@,,27,0.02,839.5389466462312,2882.98828125
20,884,38004,@DOC_ID_1969955585243977348@,,27,0.02,829.271172982675,2847.72900390625
20,884,37051,@DOC_ID_-5589446597422303099@,,27,0.02,829.013749299226,2846.84521484375
20,1096,41256,@DOC_ID_-8160637999448921796@,,18,0.02,2409.175526850753,6467.044921875
20,1096,34600,@DOC_ID_-6162322420718053924@,,18,0.02,2210.0839828385247,5932.615234375
20,1096,39771,@DOC_ID_-7958176941003624522@,,18,0.02,2005.71984724866,5384.033203125
20,1096,40265,@DOC_ID_4693143310449331559@,,18,0.02,1947.5104351441064,5227.77880859375
20,1096,38400,@DOC_ID_1614516379480266479@,,18,0.02,1941.6427784032287,5212.0283203125
20,1096,41182,@DOC_ID_7078422108284431587@,,18,0.02,1900.6146112945344,5101.89453125
20,1096,38006,@DOC_ID_8872957431985118639@,,18,0.02,1893.4782722261216,5082.73876953125
20,1096,33959,@DOC_ID_4692968744276379468@,,18,0.02,1839.4640725652375,4937.74609375
20,1096,39075,@DOC_ID_-7871661453187370087@,,18,0.02,1826.9898340900736,4904.26025390625
20,1096,32139,@DOC_ID_1493577992086304388@,,18,0.02,1808.963587138388,4855.873046875
20,1203,32127,@DOC_ID_4385255127522661901@,,36,0.02,5162.236008114285,19339.169921875
20,1203,32108,@DOC_ID_7402252165412431758@,,36,0.02,5156.224166022406,19316.65625
20,1203,32105,@DOC_ID_6328671855929848793@,,36,0.02,5128.051142798529,19211.10546875
20,1203,32112,@DOC_ID_4914981770483543061@,,36,0.02,5091.801463656955,19075.310546875
20,1203,32101,@DOC_ID_-3952149172515325408@,,36,0.02,5058.277602301703,18949.71875
20,1203,32114,@DOC_ID_1551018314916421217@,,36,0.02,5042.028934054904,18888.84375
20,1203,32125,@DOC_ID_-5953092230358570947@,,36,0.02,4965.033603244357,18600.40234375
20,1203,32111,@DOC_ID_6070333273965940514@,,36,0.02,4962.424974229601,18590.62890625
20,1203,32107,@DOC_ID_138352781929936545@,,36,0.02,4907.61274210612,18385.28125
20,1203,32123,@DOC_ID_8528128027644832489@,,36,0.02,4883.094316694472,18293.42578125
21,42,38737,@DOC_ID_-3030001820430479259@,,43,0.02,1162.8958152948424,6174.7236328125
21,42,37562,@DOC_ID_-7441108987629877034@,,43,0.02,1079.878181058307,5733.9169921875
21,42,36337,@DOC_ID_219237396808400688@,,43,0.02,1074.3373960007068,5704.4970703125
21,42,41654,@DOC_ID_-468308601189845347@,,43,0.02,1042.9506501486137,5537.8408203125
21,42,41962,@DOC_ID_-5202826780373179694@,,43,0.02,1025.9000477458155,5447.3046875
21,42,39635,@DOC_ID_8286361507933260301@,,43,0.02,1010.0700720853584,5363.251953125
21,42,40807,@DOC_ID_8607984062421196486@,,43,0.02,1008.9664194861124,5357.39208984375
21,42,38173,@DOC_ID_9049372701599563760@,,43,0.02,1001.059347108353,5315.40673828125
21,42,38417,@DOC_ID_-5437725085548670016@,,43,0.02,990.8608464085778,5261.25537109375
21,42,40262,@DOC_ID_1374897305605891319@,,43,0.02,982.2638657592064,5215.6064453125
21,97,32120,@DOC_ID_-1374932068194623395@,,22,0.02,7364.857083407315,33971.26953125
21,97,32111,@DOC_ID_6070333273965940514@,,22,0.02,7348.083276922052,33893.8984375
21,97,32114,@DOC_ID_1551018314916421217@,,22,0.02,7186.984517877752,33150.8046875
21,97,32122,@DOC_ID_8148266614370990423@,,22,0.02,7154.253825794567,32999.8359375
21,97,32119,@DOC_ID_1752410184363595618@,,22,0.02,7133.503119728782,32904.125
21,97,32100,@DOC_ID_-2081335883615568321@,,22,0.02,7056.731302434748,32549.998046875
21,97,32123,@DOC_ID_8528128027644832489@,,22,0.02,7040.183578491211,32473.671875
21,97,32117,@DOC_ID_-4636347768352449438@,,22,0.02,7015.501177701083,32359.822265625
21,97,32102,@DOC_ID_3180949643664273199@,,22,0.02,7015.259957053445,32358.7109375
21,97,32124,@DOC_ID_-7272129313675735420@,,22,0.02,6994.907476251776,32264.83203125
21,250,33095,@DOC_ID_3076679590558613017@,,19,0.02,1475.9073537023444,5208.5810546875
21,250,35761,@DOC_ID_-5953310106477616873@,,19,0.02,1299.5686166160986,4586.2685546875
21,250,39775,@DOC_ID_-4314266657531478864@,,19,0.02,1175.140047060816,4147.15185546875
21,250,33749,@DOC_ID_-2207746282006311060@,,19,0.02,1090.9162519605536,3849.919677734375
21,250,33728,@DOC_ID_-4239091644991703708@,,19,0.02,1074.5414613422597,3792.132568359375
21,250,38471,@DOC_ID_-5540674503282123232@,,19,0.02,1068.6241169979698,3771.25
21,250,38539,@DOC_ID_4238989419840014477@,,19,0.02,1051.561369783,3711.033203125
21,250,37477,@DOC_ID_-2297645646007076169@,,19,0.02,1008.4603604768452,3558.927001953125
21,250,38208,@DOC_ID_-4424006538536358319@,,19,0.02,989.6722257513748,3492.62255859375
21,250,37505,@DOC_ID_8735662311777388895@,,19,0.02,987.0946849396354,3483.527099609375
21,325,39373,@DOC_ID_6376855361541684005@,,22,0.02,2919.3203305331144,9333.5
21,325,41231,@DOC_ID_-4889375329655173589@,,22,0.02,2766.0192149769177,8843.375
21,325,39760,@DOC_ID_1018256106247791283@,,22,0.02,2620.948084050958,8379.55859375
21,325,36413,@DOC_ID_-303824181859255990@,,22,0.02,2442.929620916193,7810.40771484375
21,325,40148,@DOC_ID_4658843062885370737@,,22,0.02,2426.280002940785,7757.177734375
21,325,34569,@DOC_ID_1516591703541970258@,,22,0.02,2395.946773182262,7660.1962890625
21,325,35035,@DOC_ID_-2492530677285203936@,,22,0.02,2359.527525468306,7543.7587890625
21,325,40239,@DOC_ID_-3320818211133139001@,,22,0.02,2357.8799466219816,7538.4921875
21,325,41416,@DOC_ID_9140154657058392803@,,22,0.02,2342.080696799538,7487.98046875
21,325,40723,@DOC_ID_-5701616050711929773@,,22,0.02,2307.891099409624,7378.669921875
21,446,33728,@DOC_ID_-4239091644991703708@,,18,0.02,1460.9073978000215,5128.236328125
21,446,37305,@DOC_ID_6867316304110071081@,,18,0.02,1219.975447760688,4282.490234375
21,446,40826,@DOC_ID_5924411874184131223@,,18,0.02,1105.3052198621965,3879.962158203125
21,446,38080,@DOC_ID_-360122813980595329@,,18,0.02,1094.974261601766,3843.697021484375
21,446,39003,@DOC_ID_-1196134102317099875@,,18,0.02,1077.4825195736355,3782.2958984375
21,446,42094,@DOC_ID_6933510789136260390@,,18,0.02,1049.3221130371094,3683.44482421875
21,446,35075,@DOC_ID_-8138346134379042354@,,18,0.02,1043.2094101376003,3661.987060546875
21,446,34707,@DOC_ID_2714571118322412578@,,18,0.02,991.476959016588,3480.39013671875
21,446,37680,@DOC_ID_-5537945611654957058@,,18,0.02,973.6750013563368,3417.89990234375
21,446,36127,@DOC_ID_6329885226176742212@,,18,0.02,953.5033033159044,3347.0908203125
21,518,36886,@DOC_ID_-6517272600548416205@,,21,0.02,2295.8699166434158,9505.9091796875
21,518,40605,@DOC_ID_-6311914778265000994@,,21,0.02,2212.2457985650926,9159.66796875
21,518,41110,@DOC_ID_4800472464940829864@,,21,0.02,2167.1346151261105,8972.888671875
21,518,34492,@DOC_ID_-2199932998898350561@,,21,0.02,1997.1186040242512,8268.947265625
21,518,37793,@DOC_ID_-8550480116562990299@,,21,0.02,1969.1828682309103,8153.28125
21,518,40279,@DOC_ID_-8232638479893190594@,,21,0.02,1962.3880766005743,8125.1484375
21,518,33416,@DOC_ID_6287711537813321764@,,21,0.02,1962.3832407451807,8125.12744140625
21,518,40436,@DOC_ID_4397637672071245131@,,21,0.02,1953.9234054202125,8090.099609375
21,518,41343,@DOC_ID_-5242214421933718346@,,21,0.02,1948.646605355399,8068.251953125
21,518,32990,@DOC_ID_-3734518127583017258@,,21,0.02,1946.4586159842356,8059.1943359375
21,576,35932,@DOC_ID_3686207584151669328@,,40,0.02,1203.941551589966,4152.72412109375
21,576,34908,@DOC_ID_-1190987399341790419@,,40,0.02,1199.242524433136,4136.5166015625
21,576,40839,@DOC_ID_5479417599174868120@,,40,0.02,1087.2939197540284,3750.3740234375
21,576,41139,@DOC_ID_6619564540603217952@,,40,0.02,1048.2455227851867,3615.685791015625
21,576,39074,@DOC_ID_2850540052290238297@,,40,0.02,980.86171541214,3383.2607421875
21,576,41431,@DOC_ID_4278079082337714335@,,40,0.02,945.0085844039916,3259.59326171875
21,576,37671,@DOC_ID_-774867325663489561@,,40,0.02,929.7342421531678,3206.90771484375
21,576,37089,@DOC_ID_1113603463099876089@,,40,0.02,879.052981376648,3032.094482421875
21,576,40341,@DOC_ID_-7334041128732111683@,,40,0.02,869.9994026184082,3000.8662109375
21,576,37870,@DOC_ID_1347709448149777719@,,40,0.02,868.5120832443238,2995.73583984375
21,658,33945,@DOC_ID_7769061837730635466@,,34,0.02,1321.3839373869057,3768.623046875
21,658,38500,@DOC_ID_-5926402412338604970@,,34,0.02,1188.9725519068102,3390.982421875
21,658,35847,@DOC_ID_6955947243073908765@,,34,0.02,1168.412488376393,3332.344482421875
21,658,39903,@DOC_ID_5114648852222721674@,,34,0.02,1165.36513597825,3323.653076171875
21,658,38057,@DOC_ID_-5984768627019862829@,,34,0.02,1154.4108278611127,3292.411376953125
21,658,39602,@DOC_ID_1337004304664252483@,,34,0.02,1137.1806186227238,3243.27001953125
21,658,39411,@DOC_ID_7923788552985896476@,,34,0.02,1130.2130346859203,3223.398193359375
21,658,40897,@DOC_ID_2236058421617000775@,,34,0.02,1117.7175773171818,3187.76123046875
21,658,34326,@DOC_ID_7384493306307560670@,,34,0.02,1102.4590290293977,3144.2431640625
21,658,40192,@DOC_ID_8594030243394572667@,,34,0.02,1098.440097247853,3132.781005859375
21,1087,36736,@DOC_ID_1647620153475537562@,,29,0.02,806.6911824982742,2080.068359375
21,1087,36804,@DOC_ID_-233557285553515527@,,29,0.02,763.2867665455259,1968.14892578125
21,1087,39548,@DOC_ID_7307548991045794926@,,29,0.02,712.6801915004336,1837.6591796875
21,1087,33388,@DOC_ID_1715073452010864906@,,29,0.02,702.4539716983663,1811.290283203125
21,1087,41235,@DOC_ID_-2528206729456937252@,,29,0.02,699.4965109331854,1803.66455078125
21,1087,36457,@DOC_ID_-6199847726085575256@,,29,0.02,698.1089771533834,1800.0867919921875
21,1087,35109,@DOC_ID_-8204851229567372368@,,29,0.02,693.9056042638318,1789.24853515625
21,1087,36634,@DOC_ID_8236109675409454385@,,29,0.02,686.4450486939529,1770.011474609375
21,1087,36224,@DOC_ID_-8023044503419187362@,,29,0.02,683.5770785561923,1762.615966796875
21,1087,32825,@DOC_ID_-4637480010648829270@,,29,0.02,657.8666617294838,1696.3214111328125
21,1176,39317,@DOC_ID_-8918456135449180331@,,28,0.02,2084.67872265407,5531.53125
21,1176,36388,@DOC_ID_7617745442369861585@,,28,0.02,1797.6580627986364,4769.9453125
21,1176,34289,@DOC_ID_1140326140730126704@,,28,0.02,1763.2321878160749,4678.5986328125
21,1176,34578,@DOC_ID_8982307148493814728@,,28,0.02,1581.8204628058843,4197.236328125
21,1176,41344,@DOC_ID_9085848381879592606@,,28,0.02,1580.946886062622,4194.9189453125
21,1176,41586,@DOC_ID_-8811644368342820787@,,28,0.02,1476.6939467021398,3918.291748046875
21,1176,40728,@DOC_ID_-8406105329329052973@,,28,0.02,1445.4746807302747,3835.45361328125
21,1176,39802,@DOC_ID_-2570239500884557433@,,28,0.02,1422.0345984186445,3773.25732421875
21,1176,38755,@DOC_ID_-4596529198703149909@,,28,0.02,1407.5319168567655,3734.7763671875
21,1176,39918,@DOC_ID_-4087559259590051993@,,28,0.02,1402.8064330305372,3722.2373046875
22,168,36944,@DOC_ID_-2729626454578139994@,,22,0.02,2490.593469793146,9214.3671875
22,168,39029,@DOC_ID_180465779689508389@,,22,0.02,2116.931899330833,7831.94384765625
22,168,33287,@DOC_ID_6197785284480651963@,,22,0.02,1930.097586891868,7140.7177734375
22,168,41966,@DOC_ID_432399360594227490@,,22,0.02,1894.061651056463,7007.3974609375
22,168,35163,@DOC_ID_4903757102725802691@,,22,0.02,1893.4327947443185,7005.0712890625
22,168,35832,@DOC_ID_-8104384016648918198@,,22,0.02,1876.7496615323157,6943.3486328125
22,168,37100,@DOC_ID_5940180111677226658@,,22,0.02,1871.0134055397727,6922.126953125
22,168,41772,@DOC_ID_4000942703384181489@,,22,0.02,1711.0221113725142,6330.2119140625
22,168,40541,@DOC_ID_-7597333071901977632@,,22,0.02,1685.106631192294,6234.3330078125
22,168,34669,@DOC_ID_-5918734846642098905@,,22,0.02,1662.914462002841,6152.23046875
22,182,34833,@DOC_ID_5096418105931989292@,,15,0.02,3347.028184000651,11269.94140625
22,182,33921,@DOC_ID_-6310882161843650784@,,15,0.02,3176.4974751790364,10695.7392578125
22,182,32871,@DOC_ID_1119905142071728448@,,15,0.02,3133.7011291503904,10551.6376953125
22,182,41469,@DOC_ID_-7465887155027472636@,,15,0.02,3041.6110900878907,10241.556640625
22,182,34053,@DOC_ID_2116657815629740821@,,15,0.02,2968.812322998047,9996.43359375
22,182,37276,@DOC_ID_3783969826088145459@,,15,0.02,2743.880946858724,9239.0556640625
22,182,33203,@DOC_ID_-3557791290789759043@,,15,0.02,2698.70727335612,9086.94921875
22,182,34778,@DOC_ID_5343027222358658159@,,15,0.02,2687.9642008463543,9050.7763671875
22,182,32500,@DOC_ID_4054227737855665887@,,15,0.02,2657.0051900227863,8946.5302734375
22,182,35473,@DOC_ID_2214441710823351117@,,15,0.02,2577.975992838541,8680.427734375
22,230,33312,@DOC_ID_-2128746148928502691@,,21,0.02,2370.820809500558,9570.6162109375
22,230,35182,@DOC_ID_1746862130319137588@,,21,0.02,2113.15130905878,8530.4453125
22,230,32168,@DOC_ID_6084482417002235583@,,21,0.02,2060.534421648298,8318.0400390625
22,230,41495,@DOC_ID_6420343736563383990@,,21,0.02,2011.370892479306,8119.57421875
22,230,38973,@DOC_ID_7508653114894077272@,,21,0.02,1981.382063366118,7998.51416015625
22,230,36127,@DOC_ID_6329885226176742212@,,21,0.02,1977.897436232794,7984.4482421875
22,230,38997,@DOC_ID_5125871146567150232@,,21,0.02,1925.0554715111143,7771.13330078125
22,230,40450,@DOC_ID_5141012834995215040@,,21,0.02,1924.5877075195312,7769.2451171875
22,230,36630,@DOC_ID_6272487428992469701@,,21,0.02,1904.071637834821,7686.4248046875
22,230,36612,@DOC_ID_-3787335479378256926@,,21,0.02,1891.8117014567056,7636.93310546875
22,273,32122,@DOC_ID_8148266614370990423@,,24,0.02,5262.003953933716,28330.8984375
22,273,32101,@DOC_ID_-3952149172515325408@,,24,0.02,5124.49928410848,27590.580078125
22,273,32127,@DOC_ID_4385255127522661901@,,24,0.02,5086.143936157227,27384.064453125
22,273,32118,@DOC_ID_-2509309753176255993@,,24,0.02,5062.136404037476,27254.81640625
22,273,32117,@DOC_ID_-4636347768352449438@,,24,0.02,4965.950171152751,26736.91796875
22,273,32111,@DOC_ID_6070333273965940514@,,24,0.02,4920.379493713379,26491.5859375
22,273,32116,@DOC_ID_3600692813210463538@,,24,0.02,4859.89288520813,26165.919921875
22,273,32121,@DOC_ID_2410183720845572781@,,24,0.02,4854.507852554321,26136.90625
22,273,32110,@DOC_ID_-3471796156323863710@,,24,0.02,4829.65975634257,26003.140625
22,273,32114,@DOC_ID_1551018314916421217@,,24,0.02,4761.858779271443,25638.0859375
22,434,32103,@DOC_ID_5450119816198102820@,,34,0.02,4641.422461117015,18048.46875
22,434,32100,@DOC_ID_-2081335883615568321@,,34,0.02,4588.41326006721,17842.3359375
22,434,32106,@DOC_ID_6035361184366570886@,,34,0.02,4563.923228544348,17747.08984375
22,434,32121,@DOC_ID_2410183720845572781@,,34,0.02,4551.138364904067,17697.375
22,434,32111,@DOC_ID_6070333273965940514@,,34,0.02,4500.683003145105,17501.185546875
22,434,32116,@DOC_ID_3600692813210463538@,,34,0.02,4492.707917157341,17470.173828125
22,434,32115,@DOC_ID_-3191475148767158893@,,34,0.02,4488.664177389706,17454.453125
22,434,32125,@DOC_ID_-5953092230358570947@,,34,0.02,4370.17951965332,16993.712890625
22,434,32120,@DOC_ID_-1374932068194623395@,,34,0.02,4361.591730454389,16960.333984375
22,434,32101,@DOC_ID_-3952149172515325408@,,34,0.02,4348.698129092946,16910.16796875
22,608,33755,@DOC_ID_4165765751985178376@,,33,0.02,2670.884816950018,8436.51953125
22,608,34053,@DOC_ID_2116657815629740821@,,33,0.02,2377.2306819106598,7508.9560546875
22,608,35206,@DOC_ID_-9101913859390352684@,,33,0.02,2251.081351077918,7110.48681640625
22,608,42096,@DOC_ID_152965757292251362@,,33,0.02,2235.40439305161,7060.9677734375
22,608,39518,@DOC_ID_-5044158430749086882@,,33,0.02,2223.640641183564,7023.810546875
22,608,38215,@DOC_ID_-7978911297522883802@,,33,0.02,2166.7467142740884,6844.0986328125
22,608,37984,@DOC_ID_5506200157443201906@,,33,0.02,2149.1663286613693,6788.5673828125
22,608,34524,@DOC_ID_3703469827456465857@,,33,0.02,2114.764051957564,6679.90283203125
22,608,33429,@DOC_ID_-7600142800202301256@,,33,0.02,2107.752082131126,6657.751953125
22,608,32380,@DOC_ID_-2426049324514993850@,,33,0.02,2038.4228020870323,6438.763671875
22,737,41743,@DOC_ID_6028528185403204875@,,27,0.02,1436.8123423258464,4749.99951171875
22,737,33554,@DOC_ID_6454382840343424804@,,27,0.02,1353.8556416829426,4475.75048828125
22,737,36710,@DOC_ID_7483739848001853101@,,27,0.02,1327.4852111251266,4388.572265625
22,737,38477,@DOC_ID_8826397089733431666@,,27,0.02,1267.8885613900643,4191.55029296875
22,737,35254,@DOC_ID_-4303361923098678964@,,27,0.02,1253.3931483515987,4143.62841796875
22,737,35375,@DOC_ID_-1800586441290496254@,,27,0.02,1224.977424621582,4049.687744140625
22,737,40730,@DOC_ID_6104361726291481647@,,27,0.02,1197.1235244185837,3957.60546875
22,737,40155,@DOC_ID_1393357554645329993@,,27,0.02,1195.155797322591,3951.100341796875
22,737,34019,@DOC_ID_8532648117745219415@,,27,0.02,1189.6172033239293,3932.790283203125
22,737,40610,@DOC_ID_3005881580290413637@,,27,0.02,1187.302520186813,3925.13818359375
22,740,38486,@DOC_ID_2558233168952974374@,,26,0.02,2597.5334314199595,7978.40869140625
22,740,36045,@DOC_ID_6385876358379595227@,,26,0.02,2325.159641559308,7141.80419921875
22,740,37278,@DOC_ID_5322457573915054351@,,26,0.02,2273.8414294903096,6984.1796875
22,740,40148,@DOC_ID_4658843062885370737@,,26,0.02,2248.8753468440127,6907.494140625
22,740,39725,@DOC_ID_597634978677140758@,,26,0.02,2150.1020642794097,6604.10888671875
22,740,35675,@DOC_ID_-661517415022465269@,,26,0.02,2145.4801301222583,6589.91259765625
22,740,32813,@DOC_ID_-3014671563181275879@,,26,0.02,2138.8750774676982,6569.6240234375
22,740,40992,@DOC_ID_-3543707704530847424@,,26,0.02,2137.3013822115386,6564.79052734375
22,740,32936,@DOC_ID_-5513069406393068202@,,26,0.02,2105.0948275052583,6465.8681640625
22,740,33866,@DOC_ID_-6566273776626108233@,,26,0.02,2102.222288278433,6457.04443359375
22,759,32123,@DOC_ID_8528128027644832489@,,35,0.02,40609.08297991072,203203.671875
22,759,32119,@DOC_ID_1752410184363595618@,,35,0.02,39866.909014020646,199489.90625
22,759,32109,@DOC_ID_-2644154875949523750@,,35,0.02,39457.30564836774,197440.3125
22,759,32103,@DOC_ID_5450119816198102820@,,35,0.02,39262.66485595703,196466.34375
22,759,32121,@DOC_ID_2410183720845572781@,,35,0.02,38992.15791277204,195112.75
22,759,32108,@DOC_ID_7402252165412431758@,,35,0.02,38982.21187046596,195062.984375
22,759,32112,@DOC_ID_4914981770483543061@,,35,0.02,38875.85267857143,194530.75
22,759,32102,@DOC_ID_3180949643664273199@,,35,0.02,38623.31090262277,193267.0625
22,759,32105,@DOC_ID_6328671855929848793@,,35,0.02,38613.890000697545,193219.921875
22,759,32114,@DOC_ID_1551018314916421217@,,35,0.02,38480.73905988421,192553.6875
22,977,37412,@DOC_ID_4077641685498619095@,,37,0.02,2296.3643950900514,8108.990234375
22,977,41684,@DOC_ID_-9211764977182627166@,,37,0.02,2116.517763911067,7473.91015625
22,977,35749,@DOC_ID_-4247074073971526586@,,37,0.02,2031.6094998024605,7174.07861328125
22,977,33029,@DOC_ID_1745681650254826025@,,37,0.02,1878.415563944224,6633.1162109375
22,977,39831,@DOC_ID_-3143560607969224951@,,37,0.02,1807.7963737797093,6383.744140625
22,977,34908,@DOC_ID_-1190987399341790419@,,37,0.02,1804.5180588799556,6372.16796875
22,977,35932,@DOC_ID_3686207584151669328@,,37,0.02,1726.0904600813583,6095.220703125
22,977,36065,@DOC_ID_1230317443354889200@,,37,0.02,1708.3008869789742,6032.40234375
22,977,39813,@DOC_ID_-4069903669103919104@,,37,0.02,1697.5825399450357,5994.5537109375
22,977,41802,@DOC_ID_983787327602670907@,,37,0.02,1630.7983367507522,5758.72265625
23,827,37161,@DOC_ID_3046862287252367548@,,2,0.05,2058.708984375,2614.119384765625
23,827,39435,@DOC_ID_7219112241802679008@,,2,0.05,1854.2265625,2354.470458984375
23,827,35196,@DOC_ID_-7121160199066825823@,,2,0.05,1660.61767578125,2108.628662109375
23,827,37488,@DOC_ID_2308330800364905862@,,2,0.05,1637.5554809570312,2079.3447265625
23,827,35231,@DOC_ID_6410777309735907369@,,2,0.05,1604.1221923828125,2036.8916015625
23,827,37255,@DOC_ID_-4160942671733679845@,,2,0.05,1560.0150146484375,1980.885009765625
23,827,35058,@DOC_ID_6972903930720384669@,,2,0.05,1559.9043579101562,1980.7445068359373
23,827,39647,@DOC_ID_5468463233560866027@,,2,0.05,1496.4998168945312,1900.2342529296875
23,827,39790,@DOC_ID_-667389577732693626@,,2,0.05,1493.5075073242188,1896.4346923828125
23,827,32761,@DOC_ID_1988040346390784364@,,2,0.05,1471.372802734375,1868.3284912109373
23,1641,40507,@DOC_ID_6334785042849701664@,,4,0.05,6162.742126464844,13060.9755859375
23,1641,40859,@DOC_ID_3178522985375895008@,,4,0.05,6046.09228515625,12813.75390625
23,1641,32713,@DOC_ID_94611677937748762@,,4,0.05,5757.8189697265625,12202.8046875
23,1641,40202,@DOC_ID_811267239470530686@,,4,0.05,5365.516479492188,11371.37890625
23,1641,34221,@DOC_ID_-1062345618457446334@,,4,0.05,5087.488464355469,10782.142578125
23,1641,40365,@DOC_ID_797803103760793766@,,4,0.05,4985.250427246094,10565.46484375
23,1641,34549,@DOC_ID_1797392478277520554@,,4,0.05,4894.5511474609375,10373.2421875
23,1641,32246,@DOC_ID_-7193168012489196319@,,4,0.05,4609.248931884766,9768.587890625
23,1641,38030,@DOC_ID_-5685758675212613842@,,4,0.05,4562.505310058594,9669.521484375
23,1641,33815,@DOC_ID_-9196696307849486270@,,4,0.05,4471.9337158203125,9477.5693359375
23,37,32119,@DOC_ID_1752410184363595618@,,27,0.02,4334.545298964889,13087.0546875
23,37,33858,@DOC_ID_4247053673299211777@,,27,0.02,4226.108299820511,12759.6640625
23,37,32108,@DOC_ID_7402252165412431758@,,27,0.02,4188.516459994846,12646.16796875
23,37,41701,@DOC_ID_7054790124152837084@,,27,0.02,3864.159048574942,11666.84765625
23,37,32120,@DOC_ID_-1374932068194623395@,,27,0.02,3833.7315218890153,11574.9814453125
23,37,33039,@DOC_ID_7622649132451959251@,,27,0.02,3801.642155541314,11478.091796875
23,37,32117,@DOC_ID_-4636347768352449438@,,27,0.02,3775.05750020345,11397.83984375
23,37,36970,@DOC_ID_8541167629374981423@,,27,0.02,3632.932307066741,10968.7158203125
23,37,32103,@DOC_ID_5450119816198102820@,,27,0.02,3533.572582386158,10668.7294921875
23,37,38158,@DOC_ID_4029833091682482844@,,27,0.02,3473.617559927481,10487.70703125
23,314,38904,@DOC_ID_-4857076134038760179@,,18,0.02,3431.071801079644,13151.630859375
23,314,38006,@DOC_ID_8872957431985118639@,,18,0.02,3328.112272474501,12756.9775390625
23,314,32253,@DOC_ID_-8120150148213248133@,,18,0.02,3301.971643235948,12656.77734375
23,314,33260,@DOC_ID_1340039313030558483@,,18,0.02,2928.414098951552,11224.896484375
23,314,32246,@DOC_ID_-7193168012489196319@,,18,0.02,2748.592300415039,10535.62109375
23,314,32410,@DOC_ID_-4678005758494660964@,,18,0.02,2724.957069820828,10445.025390625
23,314,40324,@DOC_ID_-7032694139181071944@,,18,0.02,2678.2765842013887,10266.09375
23,314,41623,@DOC_ID_-6539570811594767036@,,18,0.02,2673.881364186605,10249.24609375
23,314,38811,@DOC_ID_7612227982290272294@,,18,0.02,2536.979160308838,9724.4873046875
23,314,40716,@DOC_ID_8871626316457705248@,,18,0.02,2465.241879357232,9449.5107421875
23,365,33001,@DOC_ID_-9166141591799012429@,,15,0.02,3545.818430582682,13331.2080078125
23,365,41847,@DOC_ID_-7996848750766210292@,,15,0.02,3063.5857421875,11518.1591796875
23,365,36555,@DOC_ID_4667333334138864049@,,15,0.02,2985.8891947428388,11226.04296875
23,365,34876,@DOC_ID_-125522984263543974@,,15,0.02,2833.7498860677083,10654.044921875
23,365,37201,@DOC_ID_5029149710350466461@,,15,0.02,2829.5213541666667,10638.146484375
23,365,35228,@DOC_ID_1357895057356713753@,,15,0.02,2828.173760986328,10633.080078125
23,365,39254,@DOC_ID_-1885329913815408229@,,15,0.02,2722.83515625,10237.0390625
23,365,38418,@DOC_ID_-3953351550749619271@,,15,0.02,2632.659364827474,9898.00390625
23,365,39252,@DOC_ID_6311650687060091626@,,15,0.02,2628.882356770833,9883.8056640625
23,365,38942,@DOC_ID_-1555482223049594487@,,15,0.02,2560.207329305013,9625.607421875
23,382,36427,@DOC_ID_-2687220957950288157@,,15,0.02,3052.441341145833,7203.203125
23,382,35519,@DOC_ID_-1328973186021663681@,,15,0.02,2489.0281697591145,5873.65087890625
23,382,41978,@DOC_ID_2959717656724096723@,,15,0.02,2422.328072102865,5716.2509765625
23,382,34043,@DOC_ID_8262763985798905602@,,15,0.02,2334.530407714844,5509.064453125
23,382,34948,@DOC_ID_-594234527427033047@,,15,0.02,2199.935585530599,5191.44580078125
23,382,34009,@DOC_ID_6480878661059508269@,,15,0.02,2130.491042073568,5027.5693359375
23,382,41156,@DOC_ID_-5281084685477086442@,,15,0.02,2130.28491007487,5027.08251953125
23,382,33042,@DOC_ID_435150459443403227@,,15,0.02,2082.608935546875,4914.576171875
23,382,38115,@DOC_ID_-3719504051567690629@,,15,0.02,2045.966715494792,4828.10693359375
23,382,33513,@DOC_ID_5110884980693258897@,,15,0.02,2026.8797017415368,4783.06591796875
23,449,39622,@DOC_ID_-8420080180375632164@,,12,0.02,5117.984967549642,17162.2734375
23,449,37262,@DOC_ID_-2532000604343668276@,,12,0.02,4820.3893699646,16164.3369140625
23,449,32813,@DOC_ID_-3014671563181275879@,,12,0.02,4463.772815704346,14968.486328125
23,449,33121,@DOC_ID_8661232060848927963@,,12,0.02,4429.727279663086,14854.3203125
23,449,34096,@DOC_ID_-7008386750177366633@,,12,0.02,4398.616762797038,14749.99609375
23,449,40704,@DOC_ID_840886606125679914@,,12,0.02,4383.38224029541,14698.9091796875
23,449,40721,@DOC_ID_5098377822521811712@,,12,0.02,4160.040128072103,13949.97265625
23,449,36906,@DOC_ID_-5154813042082736851@,,12,0.02,4126.7949295043945,13838.4873046875
23,449,37121,@DOC_ID_-9191621229429951001@,,12,0.02,3997.9148585001626,13406.3125
23,449,40063,@DOC_ID_3614014698472598957@,,12,0.02,3818.99644724528,12806.3408203125
23,652,33850,@DOC_ID_9127328732851145912@,,16,0.02,5872.981971740723,13478.505859375
23,652,36741,@DOC_ID_-6041923692954074912@,,16,0.02,5269.898086547852,12094.427734375
23,652,37466,@DOC_ID_-6001284477895049202@,,16,0.02,4587.873840332031,10529.181640625
23,652,38630,@DOC_ID_7078477393006786537@,,16,0.02,4229.798421859741,9707.396484375
23,652,33295,@DOC_ID_-4314334739554475044@,,16,0.02,3622.69478225708,8314.0927734375
23,652,37845,@DOC_ID_7663240907731910910@,,16,0.02,3522.448631286621,8084.0263671875
23,652,39170,@DOC_ID_2942416452532306274@,,16,0.02,3282.700885772705,7533.8046875
23,652,37274,@DOC_ID_-1867661600017715466@,,16,0.02,3262.2574710845947,7486.8876953125
23,652,40635,@DOC_ID_-4707185404364061060@,,16,0.02,3215.0600662231445,7378.5703125
23,652,40172,@DOC_ID_7603521357946807477@,,16,0.02,3213.799566268921,7375.677734375
23,858,41687,@DOC_ID_4828720009747346367@,,13,0.02,3163.877732496995,8784.419921875
23,858,41369,@DOC_ID_5482109430613356344@,,13,0.02,3121.55280480018,8666.90625
23,858,35457,@DOC_ID_2202359312673859020@,,13,0.02,2810.9496647761416,7804.5263671875
23,858,41761,@DOC_ID_7747650527256300808@,,13,0.02,2781.0598989633413,7721.53662109375
23,858,34648,@DOC_ID_6630518892868481781@,,13,0.02,2419.066716120793,6716.47265625
23,858,40796,@DOC_ID_4142183495658071394@,,13,0.02,2382.4293917142427,6614.75048828125
23,858,39248,@DOC_ID_-3371328514111554365@,,13,0.02,2353.457017164964,6534.3095703125
23,858,34456,@DOC_ID_6597877435807469736@,,13,0.02,2327.062842735877,6461.025390625
23,858,35935,@DOC_ID_-6597693237163065819@,,13,0.02,2326.637094350961,6459.8447265625
23,858,39441,@DOC_ID_6657707097106367694@,,13,0.02,2276.283747746394,6320.0390625
23,933,35736,@DOC_ID_3296879172372039337@,,12,0.02,3716.037048339844,7603.4267578125
23,933,34778,@DOC_ID_5343027222358658159@,,12,0.02,3456.716018676758,7072.828125
23,933,34833,@DOC_ID_5096418105931989292@,,12,0.02,3128.5810902913413,6401.4267578125
23,933,39087,@DOC_ID_1123752103554588695@,,12,0.02,2962.2000528971357,6060.99169921875
23,933,35044,@DOC_ID_-1858663257647537024@,,12,0.02,2942.145792643229,6019.958984375
23,933,33530,@DOC_ID_1943027854478042165@,,12,0.02,2908.6256001790366,5951.37353515625
23,933,33746,@DOC_ID_-5864334838660716882@,,12,0.02,2890.7687377929688,5914.8359375
23,933,34092,@DOC_ID_5826222159458573899@,,12,0.02,2839.3150380452475,5809.5556640625
23,933,32929,@DOC_ID_-9030201749051665175@,,12,0.02,2815.61447652181,5761.0615234375
23,933,41687,@DOC_ID_4828720009747346367@,,12,0.02,2714.2517852783203,5553.66259765625
