layer,neuron_id,n_queries,active_count,active_rate,unique_docs,top_doc_token_id,top_doc_freq,top_doc_frac,doc_entropy,layer_dir,file
18,15,1000,52,0.052,50,40945,52,0.02,3.912023005428145,L18,neuron_000015_exp3_summary.csv
18,33,1000,40,0.04,50,40767,40,0.02,3.912023005428145,L18,neuron_000033_exp3_summary.csv
18,46,1000,95,0.095,50,35024,95,0.02,3.912023005428145,L18,neuron_000046_exp3_summary.csv
18,71,1000,83,0.083,50,39361,83,0.02,3.912023005428145,L18,neuron_000071_exp3_summary.csv
18,83,1000,91,0.091,50,32121,91,0.02,3.912023005428145,L18,neuron_000083_exp3_summary.csv
18,106,1000,11,0.011,50,32124,11,0.02,3.912023005428145,L18,neuron_000106_exp3_summary.csv
18,155,1000,48,0.048,50,38736,48,0.02,3.912023005428145,L18,neuron_000155_exp3_summary.csv
18,184,1000,61,0.061,50,40226,61,0.02,3.912023005428145,L18,neuron_000184_exp3_summary.csv
18,186,1000,70,0.07,50,33551,70,0.02,3.912023005428145,L18,neuron_000186_exp3_summary.csv
18,197,1000,86,0.086,50,35162,86,0.02,3.912023005428145,L18,neuron_000197_exp3_summary.csv
18,201,1000,112,0.112,50,32122,112,0.02,3.912023005428145,L18,neuron_000201_exp3_summary.csv
18,242,1000,92,0.092,50,38129,92,0.02,3.912023005428145,L18,neuron_000242_exp3_summary.csv
18,272,1000,48,0.048,50,41694,48,0.02,3.912023005428145,L18,neuron_000272_exp3_summary.csv
18,302,1000,84,0.084,50,32125,84,0.02,3.912023005428145,L18,neuron_000302_exp3_summary.csv
18,315,1000,33,0.033,50,38357,33,0.02,3.912023005428145,L18,neuron_000315_exp3_summary.csv
18,318,1000,93,0.093,50,41759,93,0.02,3.912023005428145,L18,neuron_000318_exp3_summary.csv
18,320,1000,23,0.023,50,32515,23,0.02,3.912023005428145,L18,neuron_000320_exp3_summary.csv
18,357,1000,24,0.024,50,41600,24,0.02,3.912023005428145,L18,neuron_000357_exp3_summary.csv
18,358,1000,39,0.039,50,36260,39,0.02,3.912023005428145,L18,neuron_000358_exp3_summary.csv
18,386,1000,91,0.091,50,32616,91,0.02,3.912023005428145,L18,neuron_000386_exp3_summary.csv
18,406,1000,47,0.047,50,33584,47,0.02,3.912023005428145,L18,neuron_000406_exp3_summary.csv
18,465,1000,43,0.043,50,38096,43,0.02,3.912023005428145,L18,neuron_000465_exp3_summary.csv
18,565,1000,39,0.039,50,39710,39,0.02,3.912023005428145,L18,neuron_000565_exp3_summary.csv
18,573,1000,104,0.104,50,39657,104,0.02,3.912023005428145,L18,neuron_000573_exp3_summary.csv
18,587,1000,24,0.024,50,32115,24,0.02,3.912023005428145,L18,neuron_000587_exp3_summary.csv
18,604,1000,19,0.019,50,35418,19,0.02,3.912023005428145,L18,neuron_000604_exp3_summary.csv
18,610,1000,90,0.09,50,33863,90,0.02,3.912023005428145,L18,neuron_000610_exp3_summary.csv
18,629,1000,113,0.113,50,32905,113,0.02,3.912023005428145,L18,neuron_000629_exp3_summary.csv
18,655,1000,57,0.057,50,32102,57,0.02,3.912023005428145,L18,neuron_000655_exp3_summary.csv
18,684,1000,114,0.114,50,32101,114,0.02,3.912023005428145,L18,neuron_000684_exp3_summary.csv
18,695,1000,69,0.069,50,32234,69,0.02,3.912023005428145,L18,neuron_000695_exp3_summary.csv
18,704,1000,81,0.081,50,32930,81,0.02,3.912023005428145,L18,neuron_000704_exp3_summary.csv
18,749,1000,80,0.08,50,40349,80,0.02,3.912023005428145,L18,neuron_000749_exp3_summary.csv
18,760,1000,18,0.018,50,39924,18,0.02,3.912023005428145,L18,neuron_000760_exp3_summary.csv
18,763,1000,70,0.07,50,38710,70,0.02,3.912023005428145,L18,neuron_000763_exp3_summary.csv
18,790,1000,85,0.085,50,39479,85,0.02,3.912023005428145,L18,neuron_000790_exp3_summary.csv
18,845,1000,40,0.04,50,32107,40,0.02,3.912023005428145,L18,neuron_000845_exp3_summary.csv
18,866,1000,79,0.079,50,39307,79,0.02,3.912023005428145,L18,neuron_000866_exp3_summary.csv
18,895,1000,23,0.023,50,36130,23,0.02,3.912023005428145,L18,neuron_000895_exp3_summary.csv
18,906,1000,22,0.022,50,32103,22,0.02,3.912023005428145,L18,neuron_000906_exp3_summary.csv
18,928,1000,93,0.093,50,32119,93,0.02,3.912023005428145,L18,neuron_000928_exp3_summary.csv
18,945,1000,67,0.067,50,36610,67,0.02,3.912023005428145,L18,neuron_000945_exp3_summary.csv
18,951,1000,115,0.115,50,37404,115,0.02,3.912023005428145,L18,neuron_000951_exp3_summary.csv
18,956,1000,91,0.091,50,32123,91,0.02,3.912023005428145,L18,neuron_000956_exp3_summary.csv
18,969,1000,57,0.057,50,34405,57,0.02,3.912023005428145,L18,neuron_000969_exp3_summary.csv
18,977,1000,78,0.078,50,32107,78,0.02,3.912023005428145,L18,neuron_000977_exp3_summary.csv
18,987,1000,104,0.104,50,37778,104,0.02,3.912023005428145,L18,neuron_000987_exp3_summary.csv
18,990,1000,101,0.101,50,37234,101,0.02,3.912023005428145,L18,neuron_000990_exp3_summary.csv
18,992,1000,55,0.055,50,40896,55,0.02,3.912023005428145,L18,neuron_000992_exp3_summary.csv
18,1030,1000,88,0.088,50,40771,88,0.02,3.912023005428145,L18,neuron_001030_exp3_summary.csv
18,1040,1000,41,0.041,50,32127,41,0.02,3.912023005428145,L18,neuron_001040_exp3_summary.csv
18,1049,1000,75,0.075,50,38442,75,0.02,3.912023005428145,L18,neuron_001049_exp3_summary.csv
18,1053,1000,53,0.053,50,32123,53,0.02,3.912023005428145,L18,neuron_001053_exp3_summary.csv
18,1076,1000,86,0.086,50,38399,86,0.02,3.912023005428145,L18,neuron_001076_exp3_summary.csv
18,1080,1000,8,0.008,50,40589,8,0.02,3.912023005428145,L18,neuron_001080_exp3_summary.csv
18,1085,1000,45,0.045,50,38425,45,0.02,3.912023005428145,L18,neuron_001085_exp3_summary.csv
18,1106,1000,92,0.092,50,35145,92,0.02,3.912023005428145,L18,neuron_001106_exp3_summary.csv
18,1127,1000,40,0.04,50,32121,40,0.02,3.912023005428145,L18,neuron_001127_exp3_summary.csv
18,1132,1000,23,0.023,50,34722,23,0.02,3.912023005428145,L18,neuron_001132_exp3_summary.csv
18,1151,1000,41,0.041,50,35370,41,0.02,3.912023005428145,L18,neuron_001151_exp3_summary.csv
18,1195,1000,53,0.053,50,40969,53,0.02,3.912023005428145,L18,neuron_001195_exp3_summary.csv
18,1208,1000,25,0.025,50,40777,25,0.02,3.912023005428145,L18,neuron_001208_exp3_summary.csv
18,1211,1000,25,0.025,50,41445,25,0.02,3.912023005428145,L18,neuron_001211_exp3_summary.csv
18,1224,1000,15,0.015,50,40619,15,0.02,3.912023005428145,L18,neuron_001224_exp3_summary.csv
18,1239,1000,54,0.054,50,41379,54,0.02,3.912023005428145,L18,neuron_001239_exp3_summary.csv
18,1246,1000,147,0.147,50,40421,147,0.02,3.912023005428145,L18,neuron_001246_exp3_summary.csv
18,1292,1000,22,0.022,50,41025,22,0.02,3.912023005428145,L18,neuron_001292_exp3_summary.csv
18,1342,1000,60,0.06,50,32888,60,0.02,3.912023005428145,L18,neuron_001342_exp3_summary.csv
18,1352,1000,92,0.092,50,41228,92,0.02,3.912023005428145,L18,neuron_001352_exp3_summary.csv
18,1369,1000,158,0.158,50,32121,158,0.02,3.912023005428145,L18,neuron_001369_exp3_summary.csv
18,1404,1000,10,0.01,50,35267,10,0.02,3.912023005428145,L18,neuron_001404_exp3_summary.csv
18,1429,1000,60,0.06,50,34453,60,0.02,3.912023005428145,L18,neuron_001429_exp3_summary.csv
18,1446,1000,37,0.037,50,37521,37,0.02,3.912023005428145,L18,neuron_001446_exp3_summary.csv
18,1471,1000,68,0.068,50,37861,68,0.02,3.912023005428145,L18,neuron_001471_exp3_summary.csv
18,1474,1000,101,0.101,50,42013,101,0.02,3.912023005428145,L18,neuron_001474_exp3_summary.csv
18,1488,1000,48,0.048,50,39444,48,0.02,3.912023005428145,L18,neuron_001488_exp3_summary.csv
18,1516,1000,57,0.057,50,40791,57,0.02,3.912023005428145,L18,neuron_001516_exp3_summary.csv
18,1575,1000,131,0.131,50,35443,131,0.02,3.912023005428145,L18,neuron_001575_exp3_summary.csv
18,1582,1000,164,0.164,50,32127,164,0.02,3.912023005428145,L18,neuron_001582_exp3_summary.csv
18,1587,1000,56,0.056,50,32889,56,0.02,3.912023005428145,L18,neuron_001587_exp3_summary.csv
18,1589,1000,71,0.071,50,35541,71,0.02,3.912023005428145,L18,neuron_001589_exp3_summary.csv
18,1593,1000,54,0.054,50,32114,54,0.02,3.912023005428145,L18,neuron_001593_exp3_summary.csv
18,1633,1000,48,0.048,50,37182,48,0.02,3.912023005428145,L18,neuron_001633_exp3_summary.csv
18,1652,1000,45,0.045,50,34531,45,0.02,3.912023005428145,L18,neuron_001652_exp3_summary.csv
18,1678,1000,80,0.08,50,32239,80,0.02,3.912023005428145,L18,neuron_001678_exp3_summary.csv
18,1727,1000,72,0.072,50,33090,72,0.02,3.912023005428145,L18,neuron_001727_exp3_summary.csv
18,1732,1000,73,0.073,50,40382,73,0.02,3.912023005428145,L18,neuron_001732_exp3_summary.csv
18,1734,1000,31,0.031,50,32111,31,0.02,3.912023005428145,L18,neuron_001734_exp3_summary.csv
18,1736,1000,39,0.039,50,39932,39,0.02,3.912023005428145,L18,neuron_001736_exp3_summary.csv
18,1741,1000,128,0.128,50,32102,128,0.02,3.912023005428145,L18,neuron_001741_exp3_summary.csv
18,1779,1000,15,0.015,50,33115,15,0.02,3.912023005428145,L18,neuron_001779_exp3_summary.csv
18,1809,1000,8,0.008,50,33209,8,0.02,3.912023005428145,L18,neuron_001809_exp3_summary.csv
18,1918,1000,59,0.059,50,38312,59,0.02,3.912023005428145,L18,neuron_001918_exp3_summary.csv
18,1928,1000,27,0.027,50,32124,27,0.02,3.912023005428145,L18,neuron_001928_exp3_summary.csv
18,1932,1000,29,0.029,50,32107,29,0.02,3.912023005428145,L18,neuron_001932_exp3_summary.csv
18,1950,1000,70,0.07,50,41372,70,0.02,3.912023005428145,L18,neuron_001950_exp3_summary.csv
18,1978,1000,25,0.025,50,32117,25,0.02,3.912023005428145,L18,neuron_001978_exp3_summary.csv
18,1983,1000,23,0.023,50,39530,23,0.02,3.912023005428145,L18,neuron_001983_exp3_summary.csv
18,1993,1000,176,0.176,50,32112,176,0.02,3.912023005428145,L18,neuron_001993_exp3_summary.csv
18,1997,1000,137,0.137,50,32126,137,0.02,3.912023005428145,L18,neuron_001997_exp3_summary.csv
18,2009,1000,62,0.062,50,32118,62,0.02,3.912023005428145,L18,neuron_002009_exp3_summary.csv
18,2020,1000,89,0.089,50,39468,89,0.02,3.912023005428145,L18,neuron_002020_exp3_summary.csv
18,2025,1000,22,0.022,50,32115,22,0.02,3.912023005428145,L18,neuron_002025_exp3_summary.csv
18,2041,1000,81,0.081,50,40920,81,0.02,3.912023005428145,L18,neuron_002041_exp3_summary.csv
18,2080,1000,65,0.065,50,37170,65,0.02,3.912023005428145,L18,neuron_002080_exp3_summary.csv
18,2084,1000,33,0.033,50,32119,33,0.02,3.912023005428145,L18,neuron_002084_exp3_summary.csv
18,2141,1000,60,0.06,50,41547,60,0.02,3.912023005428145,L18,neuron_002141_exp3_summary.csv
18,2174,1000,20,0.02,50,35932,20,0.02,3.912023005428145,L18,neuron_002174_exp3_summary.csv
18,2197,1000,34,0.034,50,33659,34,0.02,3.912023005428145,L18,neuron_002197_exp3_summary.csv
18,2208,1000,45,0.045,50,32100,45,0.02,3.912023005428145,L18,neuron_002208_exp3_summary.csv
18,2212,1000,85,0.085,50,32112,85,0.02,3.912023005428145,L18,neuron_002212_exp3_summary.csv
18,2217,1000,198,0.198,50,35847,198,0.02,3.912023005428145,L18,neuron_002217_exp3_summary.csv
18,2295,1000,69,0.069,50,38730,69,0.02,3.912023005428145,L18,neuron_002295_exp3_summary.csv
18,2322,1000,69,0.069,50,32111,69,0.02,3.912023005428145,L18,neuron_002322_exp3_summary.csv
18,2325,1000,81,0.081,50,37979,81,0.02,3.912023005428145,L18,neuron_002325_exp3_summary.csv
18,2352,1000,63,0.063,50,32107,63,0.02,3.912023005428145,L18,neuron_002352_exp3_summary.csv
18,2376,1000,152,0.152,50,32112,152,0.02,3.912023005428145,L18,neuron_002376_exp3_summary.csv
18,2381,1000,48,0.048,50,32113,48,0.02,3.912023005428145,L18,neuron_002381_exp3_summary.csv
18,2386,1000,64,0.064,50,32107,64,0.02,3.912023005428145,L18,neuron_002386_exp3_summary.csv
18,2397,1000,32,0.032,50,32127,32,0.02,3.912023005428145,L18,neuron_002397_exp3_summary.csv
18,2407,1000,103,0.103,50,38776,103,0.02,3.912023005428145,L18,neuron_002407_exp3_summary.csv
18,2439,1000,79,0.079,50,34789,79,0.02,3.912023005428145,L18,neuron_002439_exp3_summary.csv
18,2466,1000,101,0.101,50,38569,101,0.02,3.912023005428145,L18,neuron_002466_exp3_summary.csv
18,2480,1000,39,0.039,50,38680,39,0.02,3.912023005428145,L18,neuron_002480_exp3_summary.csv
18,2485,1000,81,0.081,50,41766,81,0.02,3.912023005428145,L18,neuron_002485_exp3_summary.csv
18,2496,1000,111,0.111,50,32103,111,0.02,3.912023005428145,L18,neuron_002496_exp3_summary.csv
18,2597,1000,68,0.068,50,37242,68,0.02,3.912023005428145,L18,neuron_002597_exp3_summary.csv
18,2624,1000,71,0.071,50,39086,71,0.02,3.912023005428145,L18,neuron_002624_exp3_summary.csv
18,2629,1000,39,0.039,50,38960,39,0.02,3.912023005428145,L18,neuron_002629_exp3_summary.csv
18,2634,1000,77,0.077,50,32113,77,0.02,3.912023005428145,L18,neuron_002634_exp3_summary.csv
18,2684,1000,29,0.029,50,35772,29,0.02,3.912023005428145,L18,neuron_002684_exp3_summary.csv
18,2738,1000,30,0.03,50,40364,30,0.02,3.912023005428145,L18,neuron_002738_exp3_summary.csv
18,2805,1000,79,0.079,50,40316,79,0.02,3.912023005428145,L18,neuron_002805_exp3_summary.csv
18,2840,1000,102,0.102,50,34884,102,0.02,3.912023005428145,L18,neuron_002840_exp3_summary.csv
18,2842,1000,12,0.012,50,38823,12,0.02,3.912023005428145,L18,neuron_002842_exp3_summary.csv
18,2891,1000,91,0.091,50,36473,91,0.02,3.912023005428145,L18,neuron_002891_exp3_summary.csv
18,2907,1000,104,0.104,50,36248,104,0.02,3.912023005428145,L18,neuron_002907_exp3_summary.csv
18,2909,1000,11,0.011,50,32118,11,0.02,3.912023005428145,L18,neuron_002909_exp3_summary.csv
18,2912,1000,68,0.068,50,32121,68,0.02,3.912023005428145,L18,neuron_002912_exp3_summary.csv
18,2926,1000,10,0.01,50,38843,10,0.02,3.912023005428145,L18,neuron_002926_exp3_summary.csv
18,2939,1000,88,0.088,50,35307,88,0.02,3.912023005428145,L18,neuron_002939_exp3_summary.csv
18,2964,1000,26,0.026,50,36536,26,0.02,3.912023005428145,L18,neuron_002964_exp3_summary.csv
18,2983,1000,44,0.044,50,39555,44,0.02,3.912023005428145,L18,neuron_002983_exp3_summary.csv
18,2985,1000,102,0.102,50,40650,102,0.02,3.912023005428145,L18,neuron_002985_exp3_summary.csv
18,3008,1000,30,0.03,50,34918,30,0.02,3.912023005428145,L18,neuron_003008_exp3_summary.csv
18,3027,1000,107,0.107,50,32119,107,0.02,3.912023005428145,L18,neuron_003027_exp3_summary.csv
18,3045,1000,62,0.062,50,35242,62,0.02,3.912023005428145,L18,neuron_003045_exp3_summary.csv
18,3110,1000,61,0.061,50,36458,61,0.02,3.912023005428145,L18,neuron_003110_exp3_summary.csv
18,3151,1000,57,0.057,50,34788,57,0.02,3.912023005428145,L18,neuron_003151_exp3_summary.csv
18,3156,1000,17,0.017,50,37679,17,0.02,3.912023005428145,L18,neuron_003156_exp3_summary.csv
18,3169,1000,100,0.1,50,32121,100,0.02,3.912023005428145,L18,neuron_003169_exp3_summary.csv
18,3207,1000,66,0.066,50,32113,66,0.02,3.912023005428145,L18,neuron_003207_exp3_summary.csv
18,3222,1000,86,0.086,50,41942,86,0.02,3.912023005428145,L18,neuron_003222_exp3_summary.csv
18,3265,1000,91,0.091,50,32121,91,0.02,3.912023005428145,L18,neuron_003265_exp3_summary.csv
18,3286,1000,86,0.086,50,40099,86,0.02,3.912023005428145,L18,neuron_003286_exp3_summary.csv
18,3297,1000,70,0.07,50,34656,70,0.02,3.912023005428145,L18,neuron_003297_exp3_summary.csv
18,3357,1000,20,0.02,50,32103,20,0.02,3.912023005428145,L18,neuron_003357_exp3_summary.csv
18,3375,1000,9,0.009,50,41265,9,0.02,3.912023005428145,L18,neuron_003375_exp3_summary.csv
18,3388,1000,54,0.054,50,37699,54,0.02,3.912023005428145,L18,neuron_003388_exp3_summary.csv
18,3418,1000,63,0.063,50,40350,63,0.02,3.912023005428145,L18,neuron_003418_exp3_summary.csv
18,3452,1000,93,0.093,50,37952,93,0.02,3.912023005428145,L18,neuron_003452_exp3_summary.csv
18,3508,1000,44,0.044,50,32120,44,0.02,3.912023005428145,L18,neuron_003508_exp3_summary.csv
18,3520,1000,27,0.027,50,42053,27,0.02,3.912023005428145,L18,neuron_003520_exp3_summary.csv
18,3562,1000,112,0.112,50,38228,112,0.02,3.912023005428145,L18,neuron_003562_exp3_summary.csv
18,3654,1000,25,0.025,50,35763,25,0.02,3.912023005428145,L18,neuron_003654_exp3_summary.csv
18,3694,1000,34,0.034,50,32119,34,0.02,3.912023005428145,L18,neuron_003694_exp3_summary.csv
18,3699,1000,167,0.167,50,33319,167,0.02,3.912023005428145,L18,neuron_003699_exp3_summary.csv
18,3716,1000,43,0.043,50,33296,43,0.02,3.912023005428145,L18,neuron_003716_exp3_summary.csv
18,3750,1000,42,0.042,50,40699,42,0.02,3.912023005428145,L18,neuron_003750_exp3_summary.csv
18,3785,1000,47,0.047,50,35753,47,0.02,3.912023005428145,L18,neuron_003785_exp3_summary.csv
18,3887,1000,131,0.131,50,38001,131,0.02,3.912023005428145,L18,neuron_003887_exp3_summary.csv
18,3910,1000,143,0.143,50,32559,143,0.02,3.912023005428145,L18,neuron_003910_exp3_summary.csv
18,3928,1000,19,0.019,50,32122,19,0.02,3.912023005428145,L18,neuron_003928_exp3_summary.csv
18,3950,1000,165,0.165,50,32124,165,0.02,3.912023005428145,L18,neuron_003950_exp3_summary.csv
18,3954,1000,108,0.108,50,42062,108,0.02,3.912023005428145,L18,neuron_003954_exp3_summary.csv
18,3988,1000,120,0.12,50,32113,120,0.02,3.912023005428145,L18,neuron_003988_exp3_summary.csv
18,3989,1000,11,0.011,50,37145,11,0.02,3.912023005428145,L18,neuron_003989_exp3_summary.csv
18,4011,1000,47,0.047,50,36057,47,0.02,3.912023005428145,L18,neuron_004011_exp3_summary.csv
18,4079,1000,112,0.112,50,33033,112,0.02,3.912023005428145,L18,neuron_004079_exp3_summary.csv
18,4082,1000,38,0.038,50,41610,38,0.02,3.912023005428145,L18,neuron_004082_exp3_summary.csv
19,80,1000,24,0.024,50,41623,24,0.02,3.912023005428145,L19,neuron_000080_exp3_summary.csv
19,99,1000,16,0.016,50,34175,16,0.02,3.912023005428145,L19,neuron_000099_exp3_summary.csv
19,465,1000,58,0.058,50,32102,58,0.02,3.912023005428145,L19,neuron_000465_exp3_summary.csv
19,543,1000,33,0.033,50,37100,33,0.02,3.912023005428145,L19,neuron_000543_exp3_summary.csv
19,649,1000,28,0.028,50,32117,28,0.02,3.912023005428145,L19,neuron_000649_exp3_summary.csv
19,1214,1000,35,0.035,50,36920,35,0.02,3.912023005428145,L19,neuron_001214_exp3_summary.csv
19,1302,1000,22,0.022,50,42030,22,0.02,3.912023005428145,L19,neuron_001302_exp3_summary.csv
19,1444,1000,30,0.03,50,40575,30,0.02,3.912023005428145,L19,neuron_001444_exp3_summary.csv
19,1478,1000,45,0.045,50,33514,45,0.02,3.912023005428145,L19,neuron_001478_exp3_summary.csv
19,1619,1000,22,0.022,50,41114,22,0.02,3.912023005428145,L19,neuron_001619_exp3_summary.csv
19,1656,1000,35,0.035,50,41863,35,0.02,3.912023005428145,L19,neuron_001656_exp3_summary.csv
19,1877,1000,26,0.026,50,38628,26,0.02,3.912023005428145,L19,neuron_001877_exp3_summary.csv
19,1883,1000,20,0.02,50,37519,20,0.02,3.912023005428145,L19,neuron_001883_exp3_summary.csv
19,1898,1000,12,0.012,50,38158,12,0.02,3.912023005428145,L19,neuron_001898_exp3_summary.csv
19,1911,1000,16,0.016,50,41373,16,0.02,3.912023005428145,L19,neuron_001911_exp3_summary.csv
19,1931,1000,19,0.019,50,38281,19,0.02,3.912023005428145,L19,neuron_001931_exp3_summary.csv
19,1987,1000,20,0.02,50,32102,20,0.02,3.912023005428145,L19,neuron_001987_exp3_summary.csv
19,2198,1000,22,0.022,50,35850,22,0.02,3.912023005428145,L19,neuron_002198_exp3_summary.csv
19,2249,1000,25,0.025,50,40898,25,0.02,3.912023005428145,L19,neuron_002249_exp3_summary.csv
19,2291,1000,29,0.029,50,35582,29,0.02,3.912023005428145,L19,neuron_002291_exp3_summary.csv
19,2558,1000,50,0.05,50,32108,50,0.02,3.912023005428145,L19,neuron_002558_exp3_summary.csv
19,2631,1000,36,0.036,50,32120,36,0.02,3.912023005428145,L19,neuron_002631_exp3_summary.csv
19,2790,1000,18,0.018,50,41357,18,0.02,3.912023005428145,L19,neuron_002790_exp3_summary.csv
19,2926,1000,15,0.015,50,36158,15,0.02,3.912023005428145,L19,neuron_002926_exp3_summary.csv
19,3485,1000,34,0.034,50,40945,34,0.02,3.912023005428145,L19,neuron_003485_exp3_summary.csv
19,3610,1000,23,0.023,50,37038,23,0.02,3.912023005428145,L19,neuron_003610_exp3_summary.csv
19,3796,1000,22,0.022,50,38292,22,0.02,3.912023005428145,L19,neuron_003796_exp3_summary.csv
19,3823,1000,15,0.015,50,38605,15,0.02,3.912023005428145,L19,neuron_003823_exp3_summary.csv
20,3,1000,33,0.033,50,41701,33,0.02,3.912023005428145,L20,neuron_000003_exp3_summary.csv
20,33,1000,35,0.035,50,40607,35,0.02,3.912023005428145,L20,neuron_000033_exp3_summary.csv
20,130,1000,28,0.028,50,38482,28,0.02,3.912023005428145,L20,neuron_000130_exp3_summary.csv
20,684,1000,33,0.033,50,32103,33,0.02,3.912023005428145,L20,neuron_000684_exp3_summary.csv
20,808,1000,26,0.026,50,32593,26,0.02,3.912023005428145,L20,neuron_000808_exp3_summary.csv
20,819,1000,32,0.032,50,32114,32,0.02,3.912023005428145,L20,neuron_000819_exp3_summary.csv
20,834,1000,22,0.022,50,32104,22,0.02,3.912023005428145,L20,neuron_000834_exp3_summary.csv
20,884,1000,27,0.027,50,38400,27,0.02,3.912023005428145,L20,neuron_000884_exp3_summary.csv
20,1096,1000,18,0.018,50,41256,18,0.02,3.912023005428145,L20,neuron_001096_exp3_summary.csv
20,1203,1000,36,0.036,50,32127,36,0.02,3.912023005428145,L20,neuron_001203_exp3_summary.csv
20,1553,1000,33,0.033,50,34491,33,0.02,3.912023005428145,L20,neuron_001553_exp3_summary.csv
20,1984,1000,35,0.035,50,35380,35,0.02,3.912023005428145,L20,neuron_001984_exp3_summary.csv
20,2012,1000,43,0.043,50,32111,43,0.02,3.912023005428145,L20,neuron_002012_exp3_summary.csv
20,2136,1000,19,0.019,50,40032,19,0.02,3.912023005428145,L20,neuron_002136_exp3_summary.csv
20,2146,1000,20,0.02,50,39651,20,0.02,3.912023005428145,L20,neuron_002146_exp3_summary.csv
20,2241,1000,40,0.04,50,33455,40,0.02,3.912023005428145,L20,neuron_002241_exp3_summary.csv
20,2357,1000,38,0.038,50,37822,38,0.02,3.912023005428145,L20,neuron_002357_exp3_summary.csv
20,2617,1000,53,0.053,50,33905,53,0.02,3.912023005428145,L20,neuron_002617_exp3_summary.csv
20,2921,1000,33,0.033,50,34344,33,0.02,3.912023005428145,L20,neuron_002921_exp3_summary.csv
20,2940,1000,30,0.03,50,41467,30,0.02,3.912023005428145,L20,neuron_002940_exp3_summary.csv
20,2959,1000,29,0.029,50,40899,29,0.02,3.912023005428145,L20,neuron_002959_exp3_summary.csv
20,2983,1000,29,0.029,50,32116,29,0.02,3.912023005428145,L20,neuron_002983_exp3_summary.csv
20,2987,1000,21,0.021,50,35418,21,0.02,3.912023005428145,L20,neuron_002987_exp3_summary.csv
20,3081,1000,24,0.024,50,40297,24,0.02,3.912023005428145,L20,neuron_003081_exp3_summary.csv
20,3123,1000,18,0.018,50,32825,18,0.02,3.912023005428145,L20,neuron_003123_exp3_summary.csv
20,3235,1000,23,0.023,50,40293,23,0.02,3.912023005428145,L20,neuron_003235_exp3_summary.csv
20,3294,1000,31,0.031,50,35574,31,0.02,3.912023005428145,L20,neuron_003294_exp3_summary.csv
20,3531,1000,30,0.03,50,40621,30,0.02,3.912023005428145,L20,neuron_003531_exp3_summary.csv
20,3613,1000,31,0.031,50,37841,31,0.02,3.912023005428145,L20,neuron_003613_exp3_summary.csv
20,3755,1000,21,0.021,50,32119,21,0.02,3.912023005428145,L20,neuron_003755_exp3_summary.csv
20,3789,1000,36,0.036,50,32102,36,0.02,3.912023005428145,L20,neuron_003789_exp3_summary.csv
20,3882,1000,24,0.024,50,36052,24,0.02,3.912023005428145,L20,neuron_003882_exp3_summary.csv
21,42,1000,43,0.043,50,38737,43,0.02,3.912023005428145,L21,neuron_000042_exp3_summary.csv
21,97,1000,22,0.022,50,32120,22,0.02,3.912023005428145,L21,neuron_000097_exp3_summary.csv
21,250,1000,19,0.019,50,33095,19,0.02,3.912023005428145,L21,neuron_000250_exp3_summary.csv
21,325,1000,22,0.022,50,39373,22,0.02,3.912023005428145,L21,neuron_000325_exp3_summary.csv
21,446,1000,18,0.018,50,33728,18,0.02,3.912023005428145,L21,neuron_000446_exp3_summary.csv
21,518,1000,21,0.021,50,36886,21,0.02,3.912023005428145,L21,neuron_000518_exp3_summary.csv
21,576,1000,40,0.04,50,35932,40,0.02,3.912023005428145,L21,neuron_000576_exp3_summary.csv
21,658,1000,34,0.034,50,33945,34,0.02,3.912023005428145,L21,neuron_000658_exp3_summary.csv
21,1087,1000,29,0.029,50,36736,29,0.02,3.912023005428145,L21,neuron_001087_exp3_summary.csv
21,1176,1000,28,0.028,50,39317,28,0.02,3.912023005428145,L21,neuron_001176_exp3_summary.csv
21,1322,1000,21,0.021,50,40814,21,0.02,3.912023005428145,L21,neuron_001322_exp3_summary.csv
21,1349,1000,27,0.027,50,41666,27,0.02,3.912023005428145,L21,neuron_001349_exp3_summary.csv
21,1408,1000,25,0.025,50,34023,25,0.02,3.912023005428145,L21,neuron_001408_exp3_summary.csv
21,1600,1000,42,0.042,50,41527,42,0.02,3.912023005428145,L21,neuron_001600_exp3_summary.csv
21,1605,1000,23,0.023,50,38780,23,0.02,3.912023005428145,L21,neuron_001605_exp3_summary.csv
21,1612,1000,26,0.026,50,32114,26,0.02,3.912023005428145,L21,neuron_001612_exp3_summary.csv
21,1803,1000,52,0.052,50,34243,52,0.02,3.912023005428145,L21,neuron_001803_exp3_summary.csv
21,1827,1000,40,0.04,50,35936,40,0.02,3.912023005428145,L21,neuron_001827_exp3_summary.csv
21,1847,1000,30,0.03,50,32908,30,0.02,3.912023005428145,L21,neuron_001847_exp3_summary.csv
21,2005,1000,25,0.025,50,32854,25,0.02,3.912023005428145,L21,neuron_002005_exp3_summary.csv
21,2223,1000,26,0.026,50,41687,26,0.02,3.912023005428145,L21,neuron_002223_exp3_summary.csv
21,2382,1000,39,0.039,50,34105,39,0.02,3.912023005428145,L21,neuron_002382_exp3_summary.csv
21,2410,1000,25,0.025,50,35451,25,0.02,3.912023005428145,L21,neuron_002410_exp3_summary.csv
21,2463,1000,22,0.022,50,32452,22,0.02,3.912023005428145,L21,neuron_002463_exp3_summary.csv
21,2483,1000,47,0.047,50,35776,47,0.02,3.912023005428145,L21,neuron_002483_exp3_summary.csv
21,2599,1000,25,0.025,50,40474,25,0.02,3.912023005428145,L21,neuron_002599_exp3_summary.csv
21,2825,1000,34,0.034,50,40606,34,0.02,3.912023005428145,L21,neuron_002825_exp3_summary.csv
21,2915,1000,38,0.038,50,33381,38,0.02,3.912023005428145,L21,neuron_002915_exp3_summary.csv
21,2963,1000,21,0.021,50,37408,21,0.02,3.912023005428145,L21,neuron_002963_exp3_summary.csv
21,3197,1000,29,0.029,50,38153,29,0.02,3.912023005428145,L21,neuron_003197_exp3_summary.csv
21,3295,1000,52,0.052,50,42004,52,0.02,3.912023005428145,L21,neuron_003295_exp3_summary.csv
21,3371,1000,39,0.039,50,40664,39,0.02,3.912023005428145,L21,neuron_003371_exp3_summary.csv
21,3428,1000,37,0.037,50,37295,37,0.02,3.912023005428145,L21,neuron_003428_exp3_summary.csv
21,3498,1000,27,0.027,50,41432,27,0.02,3.912023005428145,L21,neuron_003498_exp3_summary.csv
21,3516,1000,41,0.041,50,34814,41,0.02,3.912023005428145,L21,neuron_003516_exp3_summary.csv
21,3543,1000,35,0.035,50,36180,35,0.02,3.912023005428145,L21,neuron_003543_exp3_summary.csv
21,3571,1000,41,0.041,50,37695,41,0.02,3.912023005428145,L21,neuron_003571_exp3_summary.csv
21,3746,1000,25,0.025,50,35332,25,0.02,3.912023005428145,L21,neuron_003746_exp3_summary.csv
21,3977,1000,65,0.065,50,32114,65,0.02,3.912023005428145,L21,neuron_003977_exp3_summary.csv
22,168,1000,22,0.022,50,36944,22,0.02,3.912023005428145,L22,neuron_000168_exp3_summary.csv
22,182,1000,15,0.015,50,34833,15,0.02,3.912023005428145,L22,neuron_000182_exp3_summary.csv
22,230,1000,21,0.021,50,33312,21,0.02,3.912023005428145,L22,neuron_000230_exp3_summary.csv
22,273,1000,24,0.024,50,32122,24,0.02,3.912023005428145,L22,neuron_000273_exp3_summary.csv
22,434,1000,34,0.034,50,32103,34,0.02,3.912023005428145,L22,neuron_000434_exp3_summary.csv
22,608,1000,33,0.033,50,33755,33,0.02,3.912023005428145,L22,neuron_000608_exp3_summary.csv
22,737,1000,27,0.027,50,41743,27,0.02,3.912023005428145,L22,neuron_000737_exp3_summary.csv
22,740,1000,26,0.026,50,38486,26,0.02,3.912023005428145,L22,neuron_000740_exp3_summary.csv
22,759,1000,35,0.035,50,32123,35,0.02,3.912023005428145,L22,neuron_000759_exp3_summary.csv
22,977,1000,37,0.037,50,37412,37,0.02,3.912023005428145,L22,neuron_000977_exp3_summary.csv
22,1079,1000,20,0.02,50,40971,20,0.02,3.912023005428145,L22,neuron_001079_exp3_summary.csv
22,1588,1000,24,0.024,50,41568,24,0.02,3.912023005428145,L22,neuron_001588_exp3_summary.csv
22,2113,1000,25,0.025,50,33692,25,0.02,3.912023005428145,L22,neuron_002113_exp3_summary.csv
22,2314,1000,29,0.029,50,32119,29,0.02,3.912023005428145,L22,neuron_002314_exp3_summary.csv
22,2491,1000,16,0.016,50,33945,16,0.02,3.912023005428145,L22,neuron_002491_exp3_summary.csv
22,2530,1000,24,0.024,50,41233,24,0.02,3.912023005428145,L22,neuron_002530_exp3_summary.csv
22,2554,1000,17,0.017,50,35077,17,0.02,3.912023005428145,L22,neuron_002554_exp3_summary.csv
22,2608,1000,21,0.021,50,41932,21,0.02,3.912023005428145,L22,neuron_002608_exp3_summary.csv
22,2636,1000,26,0.026,50,35787,26,0.02,3.912023005428145,L22,neuron_002636_exp3_summary.csv
22,2932,1000,25,0.025,50,36363,25,0.02,3.912023005428145,L22,neuron_002932_exp3_summary.csv
22,2958,1000,28,0.028,50,34603,28,0.02,3.912023005428145,L22,neuron_002958_exp3_summary.csv
22,3146,1000,28,0.028,50,32109,28,0.02,3.912023005428145,L22,neuron_003146_exp3_summary.csv
22,3195,1000,23,0.023,50,35547,23,0.02,3.912023005428145,L22,neuron_003195_exp3_summary.csv
22,3268,1000,37,0.037,50,40632,37,0.02,3.912023005428145,L22,neuron_003268_exp3_summary.csv
22,3342,1000,30,0.03,50,32100,30,0.02,3.912023005428145,L22,neuron_003342_exp3_summary.csv
22,3509,1000,29,0.029,50,32107,29,0.02,3.912023005428145,L22,neuron_003509_exp3_summary.csv
23,37,1000,27,0.027,50,32119,27,0.02,3.912023005428145,L23,neuron_000037_exp3_summary.csv
23,314,1000,18,0.018,50,38904,18,0.02,3.912023005428145,L23,neuron_000314_exp3_summary.csv
23,365,1000,15,0.015,50,33001,15,0.02,3.912023005428145,L23,neuron_000365_exp3_summary.csv
23,382,1000,15,0.015,50,36427,15,0.02,3.912023005428145,L23,neuron_000382_exp3_summary.csv
23,449,1000,12,0.012,50,39622,12,0.02,3.912023005428145,L23,neuron_000449_exp3_summary.csv
23,652,1000,16,0.016,50,33850,16,0.02,3.912023005428145,L23,neuron_000652_exp3_summary.csv
23,827,128,2,0.015625,20,37161,2,0.05,2.995732273553991,L23,neuron_000827_exp3_summary.csv
23,858,1000,13,0.013,50,41687,13,0.02,3.912023005428145,L23,neuron_000858_exp3_summary.csv
23,933,1000,12,0.012,50,35736,12,0.02,3.912023005428145,L23,neuron_000933_exp3_summary.csv
23,965,1000,24,0.024,50,32106,24,0.02,3.912023005428145,L23,neuron_000965_exp3_summary.csv
23,967,1000,20,0.02,50,33317,20,0.02,3.912023005428145,L23,neuron_000967_exp3_summary.csv
23,1052,1000,11,0.011,50,34821,11,0.02,3.912023005428145,L23,neuron_001052_exp3_summary.csv
23,1277,1000,18,0.018,50,32119,18,0.02,3.912023005428145,L23,neuron_001277_exp3_summary.csv
23,1419,1000,14,0.014,50,36533,14,0.02,3.912023005428145,L23,neuron_001419_exp3_summary.csv
23,1528,1000,18,0.018,50,38997,18,0.02,3.912023005428145,L23,neuron_001528_exp3_summary.csv
23,1636,1000,15,0.015,50,32120,15,0.02,3.912023005428145,L23,neuron_001636_exp3_summary.csv
23,1641,128,4,0.03125,20,40507,4,0.05,2.995732273553991,L23,neuron_001641_exp3_summary.csv
23,1820,1000,17,0.017,50,37637,17,0.02,3.912023005428145,L23,neuron_001820_exp3_summary.csv
23,1821,1000,15,0.015,50,41416,15,0.02,3.912023005428145,L23,neuron_001821_exp3_summary.csv
23,1936,1000,11,0.011,50,38473,11,0.02,3.912023005428145,L23,neuron_001936_exp3_summary.csv
23,1978,1000,16,0.016,50,41492,16,0.02,3.912023005428145,L23,neuron_001978_exp3_summary.csv
23,2013,1000,19,0.019,50,41014,19,0.02,3.912023005428145,L23,neuron_002013_exp3_summary.csv
23,2068,1000,16,0.016,50,32114,16,0.02,3.912023005428145,L23,neuron_002068_exp3_summary.csv
23,3033,1000,18,0.018,50,40641,18,0.02,3.912023005428145,L23,neuron_003033_exp3_summary.csv
23,3112,1000,27,0.027,50,33826,27,0.02,3.912023005428145,L23,neuron_003112_exp3_summary.csv
23,3114,1000,23,0.023,50,32115,23,0.02,3.912023005428145,L23,neuron_003114_exp3_summary.csv
23,3142,1000,16,0.016,50,32101,16,0.02,3.912023005428145,L23,neuron_003142_exp3_summary.csv
23,3236,1000,19,0.019,50,32105,19,0.02,3.912023005428145,L23,neuron_003236_exp3_summary.csv
23,3312,1000,14,0.014,50,40240,14,0.02,3.912023005428145,L23,neuron_003312_exp3_summary.csv
23,3342,1000,38,0.038,50,32120,38,0.02,3.912023005428145,L23,neuron_003342_exp3_summary.csv
23,3423,1000,20,0.02,50,32119,20,0.02,3.912023005428145,L23,neuron_003423_exp3_summary.csv
23,3428,1000,16,0.016,50,32120,16,0.02,3.912023005428145,L23,neuron_003428_exp3_summary.csv
23,3448,1000,23,0.023,50,41946,23,0.02,3.912023005428145,L23,neuron_003448_exp3_summary.csv
23,3453,1000,30,0.03,50,32106,30,0.02,3.912023005428145,L23,neuron_003453_exp3_summary.csv
23,3500,1000,21,0.021,50,32117,21,0.02,3.912023005428145,L23,neuron_003500_exp3_summary.csv
23,3803,1000,28,0.028,50,37726,28,0.02,3.912023005428145,L23,neuron_003803_exp3_summary.csv
23,3841,1000,19,0.019,50,33223,19,0.02,3.912023005428145,L23,neuron_003841_exp3_summary.csv
23,3873,1000,28,0.028,50,32445,28,0.02,3.912023005428145,L23,neuron_003873_exp3_summary.csv
